Sample,OncoTerrain_Class,Mice_Condition,Cosine_Similarity,Pearson_Correlation,Sample_Class
SD10,Normal-like,KPT-E,0.8462547173113686,0.4272873058547303,SD10_Normal-like
SD10,Normal-like,KT,0.8480745774028133,0.41935902586409285,SD10_Normal-like
SD10,Normal-like,Liver Metastasis,0.8463519210775886,0.4001597499549833,SD10_Normal-like
SD10,Normal-like,Lymph Node Metastasis,0.8674209916422072,0.42904655438939093,SD10_Normal-like
SD10,Normal-like,Normal Lung,0.8842269108271323,0.40072944406397837,SD10_Normal-like
SD10,Normal-like,Pleural DTCs,0.8502084417332293,0.41582051586963814,SD10_Normal-like
SD10,Normal-like,Pleural Metastasis,0.8634190120572957,0.4308725051845837,SD10_Normal-like
SD10,Normal-like,Soft Tissue Metastasis,0.8574341614790372,0.41920788168069556,SD10_Normal-like
SD10,Normal-like,TMet,0.8683725317760402,0.435463729393558,SD10_Normal-like
SD10,Normal-like,TnonMet,0.8622046011269946,0.4415636789762551,SD10_Normal-like
SD10,Tumor-like,KPT-E,0.8489715593068732,0.4251293136446965,SD10_Tumor-like
SD10,Tumor-like,KT,0.8506530838726162,0.4173509109854052,SD10_Tumor-like
SD10,Tumor-like,Liver Metastasis,0.8494408575585897,0.4067454366453248,SD10_Tumor-like
SD10,Tumor-like,Lymph Node Metastasis,0.8702709984420224,0.43321762768609595,SD10_Tumor-like
SD10,Tumor-like,Normal Lung,0.8861578923364473,0.4030134144533807,SD10_Tumor-like
SD10,Tumor-like,Pleural DTCs,0.8532440378313335,0.42006895057865606,SD10_Tumor-like
SD10,Tumor-like,Pleural Metastasis,0.8663152555588165,0.43422599461805195,SD10_Tumor-like
SD10,Tumor-like,Soft Tissue Metastasis,0.8603576620395288,0.4233330385390009,SD10_Tumor-like
SD10,Tumor-like,TMet,0.8708730488160811,0.43461536599544826,SD10_Tumor-like
SD10,Tumor-like,TnonMet,0.8646317124769957,0.4372937080358336,SD10_Tumor-like
SD10,Pre-malignant,KPT-E,0.8489713695089621,0.3776966642754523,SD10_Pre-malignant
SD10,Pre-malignant,KT,0.8500197852157436,0.36933142454351603,SD10_Pre-malignant
SD10,Pre-malignant,Liver Metastasis,0.8489627901339539,0.36360602347324367,SD10_Pre-malignant
SD10,Pre-malignant,Lymph Node Metastasis,0.8690676369199345,0.3840656155510416,SD10_Pre-malignant
SD10,Pre-malignant,Normal Lung,0.8829591048931216,0.3594577105665842,SD10_Pre-malignant
SD10,Pre-malignant,Pleural DTCs,0.8521795775235643,0.3690165856820766,SD10_Pre-malignant
SD10,Pre-malignant,Pleural Metastasis,0.8657317939878141,0.3872527025416237,SD10_Pre-malignant
SD10,Pre-malignant,Soft Tissue Metastasis,0.8596276219087924,0.37673242135567475,SD10_Pre-malignant
SD10,Pre-malignant,TMet,0.8695600293800292,0.38437468769326094,SD10_Pre-malignant
SD10,Pre-malignant,TnonMet,0.8638368080617094,0.3866215469768184,SD10_Pre-malignant
SD10,Pre-malignant,KPT-E,0.8404345727371384,0.48867536920147975,SD10_Pre-malignant
SD10,Pre-malignant,KT,0.8422665637645096,0.4806161652803552,SD10_Pre-malignant
SD10,Pre-malignant,Liver Metastasis,0.8408862649457163,0.47313772385083747,SD10_Pre-malignant
SD10,Pre-malignant,Lymph Node Metastasis,0.8623736866070877,0.4976002574899249,SD10_Pre-malignant
SD10,Pre-malignant,Normal Lung,0.8787912311101901,0.45593784535668685,SD10_Pre-malignant
SD10,Pre-malignant,Pleural DTCs,0.8444869018222723,0.48344536255226844,SD10_Pre-malignant
SD10,Pre-malignant,Pleural Metastasis,0.8581903844221732,0.4992645721913998,SD10_Pre-malignant
SD10,Pre-malignant,Soft Tissue Metastasis,0.8519974550363926,0.4874822630117649,SD10_Pre-malignant
SD10,Pre-malignant,TMet,0.8632702392595565,0.4991315505025432,SD10_Pre-malignant
SD10,Pre-malignant,TnonMet,0.8568639081908511,0.5020980855953076,SD10_Pre-malignant
SD10,Normal-like,KPT-E,0.8391210698085214,0.42249182694525644,SD10_Normal-like
SD10,Normal-like,KT,0.8407281631124145,0.415812375406644,SD10_Normal-like
SD10,Normal-like,Liver Metastasis,0.8394103326980282,0.41065284708104616,SD10_Normal-like
SD10,Normal-like,Lymph Node Metastasis,0.8605937960097861,0.43207401727314243,SD10_Normal-like
SD10,Normal-like,Normal Lung,0.8786903820465735,0.4227723143056379,SD10_Normal-like
SD10,Normal-like,Pleural DTCs,0.8422969776359419,0.4137717052645466,SD10_Normal-like
SD10,Normal-like,Pleural Metastasis,0.8568195188660875,0.4348799534715872,SD10_Normal-like
SD10,Normal-like,Soft Tissue Metastasis,0.8509239654981594,0.42687789310796437,SD10_Normal-like
SD10,Normal-like,TMet,0.8609011842981746,0.4290169660148976,SD10_Normal-like
SD10,Normal-like,TnonMet,0.8544309111632334,0.42860040256015514,SD10_Normal-like
SD10,Tumor-like,KPT-E,0.8340101121347472,0.38448544314288585,SD10_Tumor-like
SD10,Tumor-like,KT,0.8352757266813194,0.37804962005268306,SD10_Tumor-like
SD10,Tumor-like,Liver Metastasis,0.8355476630256441,0.3826785837129939,SD10_Tumor-like
SD10,Tumor-like,Lymph Node Metastasis,0.8558336391267404,0.3999460508424441,SD10_Tumor-like
SD10,Tumor-like,Normal Lung,0.8735691536926817,0.3974384756674852,SD10_Tumor-like
SD10,Tumor-like,Pleural DTCs,0.8372940370537276,0.379464149274023,SD10_Tumor-like
SD10,Tumor-like,Pleural Metastasis,0.8529605424016122,0.4060113646730953,SD10_Tumor-like
SD10,Tumor-like,Soft Tissue Metastasis,0.846410871570279,0.39446684569605317,SD10_Tumor-like
SD10,Tumor-like,TMet,0.85597565728372,0.39681971989567183,SD10_Tumor-like
SD10,Tumor-like,TnonMet,0.8496762117677082,0.3954392718797848,SD10_Tumor-like
SD12,Normal-like,KPT-E,0.8541542776723511,0.5574765138295457,SD12_Normal-like
SD12,Normal-like,KT,0.856240491586288,0.5526119207214885,SD12_Normal-like
SD12,Normal-like,Liver Metastasis,0.851520076773969,0.5035568760428598,SD12_Normal-like
SD12,Normal-like,Lymph Node Metastasis,0.8730114566523498,0.5412166981502079,SD12_Normal-like
SD12,Normal-like,Normal Lung,0.89160211973237,0.510260944956065,SD12_Normal-like
SD12,Normal-like,Pleural DTCs,0.8557238657293825,0.522701862075394,SD12_Normal-like
SD12,Normal-like,Pleural Metastasis,0.8688978407036596,0.5414886913662809,SD12_Normal-like
SD12,Normal-like,Soft Tissue Metastasis,0.8632465174891018,0.5301672816490445,SD12_Normal-like
SD12,Normal-like,TMet,0.874640634843517,0.5549455610871664,SD12_Normal-like
SD12,Normal-like,TnonMet,0.869207611007873,0.5647167863259959,SD12_Normal-like
SD12,Tumor-like,KPT-E,0.859536273092921,0.5609985498432896,SD12_Tumor-like
SD12,Tumor-like,KT,0.8615554441459602,0.5569350882328736,SD12_Tumor-like
SD12,Tumor-like,Liver Metastasis,0.8570544742303315,0.5178307798827707,SD12_Tumor-like
SD12,Tumor-like,Lymph Node Metastasis,0.8782370194493743,0.5523283819148108,SD12_Tumor-like
SD12,Tumor-like,Normal Lung,0.8957106351606632,0.5209977697163696,SD12_Tumor-like
SD12,Tumor-like,Pleural DTCs,0.8612072728265108,0.5342214108476981,SD12_Tumor-like
SD12,Tumor-like,Pleural Metastasis,0.8742275572475389,0.552256031207246,SD12_Tumor-like
SD12,Tumor-like,Soft Tissue Metastasis,0.8686586247292057,0.5419988955613098,SD12_Tumor-like
SD12,Tumor-like,TMet,0.8794514876074495,0.5592685552946844,SD12_Tumor-like
SD12,Tumor-like,TnonMet,0.8739291030759597,0.564327853873332,SD12_Tumor-like
SD12,Pre-malignant,KPT-E,0.861947333225555,0.5045139960251737,SD12_Pre-malignant
SD12,Pre-malignant,KT,0.8639091987675322,0.5019356433781131,SD12_Pre-malignant
SD12,Pre-malignant,Liver Metastasis,0.8586493820818102,0.4666271645908921,SD12_Pre-malignant
SD12,Pre-malignant,Lymph Node Metastasis,0.8795440477430451,0.49650087624280437,SD12_Pre-malignant
SD12,Pre-malignant,Normal Lung,0.8957048295949201,0.4705919323300424,SD12_Pre-malignant
SD12,Pre-malignant,Pleural DTCs,0.8629227316980072,0.4806275576538565,SD12_Pre-malignant
SD12,Pre-malignant,Pleural Metastasis,0.8754898210498572,0.4944525743849693,SD12_Pre-malignant
SD12,Pre-malignant,Soft Tissue Metastasis,0.8702411139241768,0.4877693777385017,SD12_Pre-malignant
SD12,Pre-malignant,TMet,0.8809614497531313,0.5036138752967041,SD12_Pre-malignant
SD12,Pre-malignant,TnonMet,0.875764348818333,0.5076414770524283,SD12_Pre-malignant
SD12,Normal-like,KPT-E,0.843692197185655,0.4463185446242025,SD12_Normal-like
SD12,Normal-like,KT,0.8458851429419693,0.4447320738063349,SD12_Normal-like
SD12,Normal-like,Liver Metastasis,0.8402162268237292,0.41658845553059615,SD12_Normal-like
SD12,Normal-like,Lymph Node Metastasis,0.8615037029608907,0.4391389934291944,SD12_Normal-like
SD12,Normal-like,Normal Lung,0.881115995394972,0.4412095185628554,SD12_Normal-like
SD12,Normal-like,Pleural DTCs,0.8435359016083552,0.4213794394130244,SD12_Normal-like
SD12,Normal-like,Pleural Metastasis,0.8575670912059474,0.44009431083144335,SD12_Normal-like
SD12,Normal-like,Soft Tissue Metastasis,0.8519773179134338,0.43398350068457153,SD12_Normal-like
SD12,Normal-like,TMet,0.862740699048314,0.44195213469974814,SD12_Normal-like
SD12,Normal-like,TnonMet,0.8572701130111785,0.444749275441419,SD12_Normal-like
SD12,Pre-malignant,KPT-E,0.8499942190418626,0.6087990583117551,SD12_Pre-malignant
SD12,Pre-malignant,KT,0.8521776232227608,0.6039594614242082,SD12_Pre-malignant
SD12,Pre-malignant,Liver Metastasis,0.8476002126006101,0.5672704096352704,SD12_Pre-malignant
SD12,Pre-malignant,Lymph Node Metastasis,0.8697963404630195,0.6009286868282886,SD12_Pre-malignant
SD12,Pre-malignant,Normal Lung,0.8880065709585554,0.5689752758898566,SD12_Pre-malignant
SD12,Pre-malignant,Pleural DTCs,0.8517922372129508,0.582459606490029,SD12_Pre-malignant
SD12,Pre-malignant,Pleural Metastasis,0.8653592828700228,0.6008953540407836,SD12_Pre-malignant
SD12,Pre-malignant,Soft Tissue Metastasis,0.8594859663674048,0.5913522269972485,SD12_Pre-malignant
SD12,Pre-malignant,TMet,0.871385682758403,0.6088448818056189,SD12_Pre-malignant
SD12,Pre-malignant,TnonMet,0.8654781958545245,0.6142161878682064,SD12_Pre-malignant
SD12,Tumor-like,KPT-E,0.8377646497025044,0.4415694065476135,SD12_Tumor-like
SD12,Tumor-like,KT,0.8382631601630868,0.4353272096966487,SD12_Tumor-like
SD12,Tumor-like,Liver Metastasis,0.8342721855498817,0.42236169192436246,SD12_Tumor-like
SD12,Tumor-like,Lymph Node Metastasis,0.8532876387784497,0.44059729637472633,SD12_Tumor-like
SD12,Tumor-like,Normal Lung,0.8714112466709516,0.45154239658915113,SD12_Tumor-like
SD12,Tumor-like,Pleural DTCs,0.8349331197978944,0.4165700458297572,SD12_Tumor-like
SD12,Tumor-like,Pleural Metastasis,0.8516912090662228,0.4479658599554079,SD12_Tumor-like
SD12,Tumor-like,Soft Tissue Metastasis,0.8459747289905335,0.439942202397732,SD12_Tumor-like
SD12,Tumor-like,TMet,0.8537809085570316,0.43995678970813723,SD12_Tumor-like
SD12,Tumor-like,TnonMet,0.849358193946511,0.4418964741436542,SD12_Tumor-like
SD15,Tumor-like,KPT-E,0.8956166235587817,0.1176419557946657,SD15_Tumor-like
SD15,Tumor-like,KT,0.8960003037566926,0.11642024307299385,SD15_Tumor-like
SD15,Tumor-like,Liver Metastasis,0.890552955699662,0.0513532684258469,SD15_Tumor-like
SD15,Tumor-like,Lymph Node Metastasis,0.9088001918455119,0.07560457645711405,SD15_Tumor-like
SD15,Tumor-like,Normal Lung,0.9196456976735549,0.12494848875290064,SD15_Tumor-like
SD15,Tumor-like,Pleural DTCs,0.8997002722615245,0.08188057643447445,SD15_Tumor-like
SD15,Tumor-like,Pleural Metastasis,0.9068563607612087,0.0752213869764406,SD15_Tumor-like
SD15,Tumor-like,Soft Tissue Metastasis,0.9012042785249739,0.059480211651420485,SD15_Tumor-like
SD15,Tumor-like,TMet,0.9115652856628027,0.10177888075595184,SD15_Tumor-like
SD15,Tumor-like,TnonMet,0.9095151704142699,0.11544035894889952,SD15_Tumor-like
SD15,Normal-like,KPT-E,0.8958540524597645,0.12430369053150746,SD15_Normal-like
SD15,Normal-like,KT,0.8962036377039244,0.12187336975088735,SD15_Normal-like
SD15,Normal-like,Liver Metastasis,0.8901815578790605,0.03425800531266969,SD15_Normal-like
SD15,Normal-like,Lymph Node Metastasis,0.908928459289851,0.07578419758576724,SD15_Normal-like
SD15,Normal-like,Normal Lung,0.9193408736451594,0.11139336569572128,SD15_Normal-like
SD15,Normal-like,Pleural DTCs,0.8994337014376736,0.06927966957566105,SD15_Normal-like
SD15,Normal-like,Pleural Metastasis,0.9069900510139743,0.07563113663705555,SD15_Normal-like
SD15,Normal-like,Soft Tissue Metastasis,0.9013434791088563,0.05931630484423064,SD15_Normal-like
SD15,Normal-like,TMet,0.9118572871267641,0.10930781757427897,SD15_Normal-like
SD15,Normal-like,TnonMet,0.9098035925756082,0.12363757170099285,SD15_Normal-like
SD15,Pre-malignant,KPT-E,0.8889218167744161,0.08135692224402732,SD15_Pre-malignant
SD15,Pre-malignant,KT,0.8892514367112536,0.0801324767949357,SD15_Pre-malignant
SD15,Pre-malignant,Liver Metastasis,0.88312138155238,0.03980070579019017,SD15_Pre-malignant
SD15,Pre-malignant,Lymph Node Metastasis,0.9017869316241057,0.06141052641530535,SD15_Pre-malignant
SD15,Pre-malignant,Normal Lung,0.9127846603305659,0.08944147482688043,SD15_Pre-malignant
SD15,Pre-malignant,Pleural DTCs,0.8923340239841839,0.056531821758363764,SD15_Pre-malignant
SD15,Pre-malignant,Pleural Metastasis,0.8999117574336949,0.06172485042449897,SD15_Pre-malignant
SD15,Pre-malignant,Soft Tissue Metastasis,0.8942606831039117,0.05308214240366688,SD15_Pre-malignant
SD15,Pre-malignant,TMet,0.9047521858734302,0.07710555370534174,SD15_Pre-malignant
SD15,Pre-malignant,TnonMet,0.9026160569901418,0.08126725675522813,SD15_Pre-malignant
SD15,Pre-malignant,KPT-E,0.8717497188692696,0.10779824149529338,SD15_Pre-malignant
SD15,Pre-malignant,KT,0.8728358662017326,0.10434777601840804,SD15_Pre-malignant
SD15,Pre-malignant,Liver Metastasis,0.8685104976784368,0.0653620034247369,SD15_Pre-malignant
SD15,Pre-malignant,Lymph Node Metastasis,0.8871612013767527,0.08906414173054751,SD15_Pre-malignant
SD15,Pre-malignant,Normal Lung,0.9016527393723639,0.1174219356703928,SD15_Pre-malignant
SD15,Pre-malignant,Pleural DTCs,0.8759445080104891,0.08351729373399255,SD15_Pre-malignant
SD15,Pre-malignant,Pleural Metastasis,0.8846341650599874,0.09082629809080334,SD15_Pre-malignant
SD15,Pre-malignant,Soft Tissue Metastasis,0.8790130613071967,0.0766581478712657,SD15_Pre-malignant
SD15,Pre-malignant,TMet,0.8899114225838753,0.10581759209935311,SD15_Pre-malignant
SD15,Pre-malignant,TnonMet,0.8868748942939824,0.1153683430557306,SD15_Pre-malignant
SD15,Tumor-like,KPT-E,0.7998420590225074,0.08620693325388797,SD15_Tumor-like
SD15,Tumor-like,KT,0.8008749007548327,0.08575595072018434,SD15_Tumor-like
SD15,Tumor-like,Liver Metastasis,0.7925173977794491,0.05402557533518729,SD15_Tumor-like
SD15,Tumor-like,Lymph Node Metastasis,0.8105442328499952,0.06904451193334706,SD15_Tumor-like
SD15,Tumor-like,Normal Lung,0.8254135609025957,0.08905994726951993,SD15_Tumor-like
SD15,Tumor-like,Pleural DTCs,0.801052430212949,0.06854000911260616,SD15_Tumor-like
SD15,Tumor-like,Pleural Metastasis,0.8085458872516467,0.07041954577010671,SD15_Tumor-like
SD15,Tumor-like,Soft Tissue Metastasis,0.8021077536286679,0.05907627840192871,SD15_Tumor-like
SD15,Tumor-like,TMet,0.813970027530351,0.07875522588408575,SD15_Tumor-like
SD15,Tumor-like,TnonMet,0.8126825555487818,0.08775042957794998,SD15_Tumor-like
SD15,Normal-like,KPT-E,0.840399978566784,0.09596889852748255,SD15_Normal-like
SD15,Normal-like,KT,0.8409798412434767,0.09194512971001187,SD15_Normal-like
SD15,Normal-like,Liver Metastasis,0.8357608319377731,0.0689300149744062,SD15_Normal-like
SD15,Normal-like,Lymph Node Metastasis,0.8558233371089119,0.09682747487369263,SD15_Normal-like
SD15,Normal-like,Normal Lung,0.8694883592567857,0.11096941159962291,SD15_Normal-like
SD15,Normal-like,Pleural DTCs,0.8452744121987577,0.09287876296002284,SD15_Normal-like
SD15,Normal-like,Pleural Metastasis,0.8527010512665925,0.0921269666245552,SD15_Normal-like
SD15,Normal-like,Soft Tissue Metastasis,0.8482704748267147,0.09137136077792019,SD15_Normal-like
SD15,Normal-like,TMet,0.8585846161065791,0.10502778176707332,SD15_Normal-like
SD15,Normal-like,TnonMet,0.8554732324635108,0.10649497433229792,SD15_Normal-like
SD16,Pre-malignant,KPT-E,0.8373186648483237,0.3454309486074671,SD16_Pre-malignant
SD16,Pre-malignant,KT,0.8399261112908813,0.3445397705303611,SD16_Pre-malignant
SD16,Pre-malignant,Liver Metastasis,0.8377743243678215,0.33167679620618806,SD16_Pre-malignant
SD16,Pre-malignant,Lymph Node Metastasis,0.8587461855653127,0.3517252917970992,SD16_Pre-malignant
SD16,Pre-malignant,Normal Lung,0.8776893674765778,0.3520674941134131,SD16_Pre-malignant
SD16,Pre-malignant,Pleural DTCs,0.8410592095380758,0.3360424918724991,SD16_Pre-malignant
SD16,Pre-malignant,Pleural Metastasis,0.8549357134314962,0.35326730843408616,SD16_Pre-malignant
SD16,Pre-malignant,Soft Tissue Metastasis,0.8488516081376986,0.34465051399726565,SD16_Pre-malignant
SD16,Pre-malignant,TMet,0.8596225704205717,0.3531737109786695,SD16_Pre-malignant
SD16,Pre-malignant,TnonMet,0.8533696538811403,0.353240893588374,SD16_Pre-malignant
SD16,Tumor-like,KPT-E,0.8353925061506422,0.3603472671887493,SD16_Tumor-like
SD16,Tumor-like,KT,0.8380516203009717,0.3574184427795784,SD16_Tumor-like
SD16,Tumor-like,Liver Metastasis,0.8383722851581568,0.3651340909495718,SD16_Tumor-like
SD16,Tumor-like,Lymph Node Metastasis,0.8588750285939575,0.37743861574122434,SD16_Tumor-like
SD16,Tumor-like,Normal Lung,0.8771177873504736,0.35107803862467174,SD16_Tumor-like
SD16,Tumor-like,Pleural DTCs,0.8421009699449294,0.3751929363911963,SD16_Tumor-like
SD16,Tumor-like,Pleural Metastasis,0.8548139566910709,0.3802901953033505,SD16_Tumor-like
SD16,Tumor-like,Soft Tissue Metastasis,0.8488257987385952,0.37172918124603743,SD16_Tumor-like
SD16,Tumor-like,TMet,0.8596669609311625,0.37813735868218806,SD16_Tumor-like
SD16,Tumor-like,TnonMet,0.8531958926172679,0.38092326460678516,SD16_Tumor-like
SD16,Normal-like,KPT-E,0.8372441244550977,0.34494346260348363,SD16_Normal-like
SD16,Normal-like,KT,0.8401792237397337,0.34639682985839904,SD16_Normal-like
SD16,Normal-like,Liver Metastasis,0.8361813012600567,0.32057403883017016,SD16_Normal-like
SD16,Normal-like,Lymph Node Metastasis,0.8579329825553517,0.3458648958533831,SD16_Normal-like
SD16,Normal-like,Normal Lung,0.879158430806267,0.3642840392204892,SD16_Normal-like
SD16,Normal-like,Pleural DTCs,0.8401897274031543,0.33000043825398184,SD16_Normal-like
SD16,Normal-like,Pleural Metastasis,0.8540813328135968,0.3471263169709822,SD16_Normal-like
SD16,Normal-like,Soft Tissue Metastasis,0.8482711915497877,0.34059625271093935,SD16_Normal-like
SD16,Normal-like,TMet,0.8590318264942796,0.3489636433451782,SD16_Normal-like
SD16,Normal-like,TnonMet,0.852761639828389,0.34892103732218754,SD16_Normal-like
SD2,Normal-like,KPT-E,0.8334243161164565,0.5866265315822153,SD2_Normal-like
SD2,Normal-like,KT,0.8362878942715204,0.5857244717250666,SD2_Normal-like
SD2,Normal-like,Liver Metastasis,0.832297655538309,0.5410531280576681,SD2_Normal-like
SD2,Normal-like,Lymph Node Metastasis,0.8544957443469278,0.572261422331815,SD2_Normal-like
SD2,Normal-like,Normal Lung,0.8813713240183778,0.6369144888370307,SD2_Normal-like
SD2,Normal-like,Pleural DTCs,0.8344152717110856,0.5368084917728067,SD2_Normal-like
SD2,Normal-like,Pleural Metastasis,0.8504303817474309,0.5791389777809233,SD2_Normal-like
SD2,Normal-like,Soft Tissue Metastasis,0.8444495637205355,0.5696764973539818,SD2_Normal-like
SD2,Normal-like,TMet,0.8554477166285791,0.5772922262712424,SD2_Normal-like
SD2,Normal-like,TnonMet,0.8485920794909285,0.5788257613761963,SD2_Normal-like
SD2,Tumor-like,KPT-E,0.8344312573281992,0.5901989461110985,SD2_Tumor-like
SD2,Tumor-like,KT,0.8373126472908943,0.5896655810812126,SD2_Tumor-like
SD2,Tumor-like,Liver Metastasis,0.8334278709152585,0.5472206609640323,SD2_Tumor-like
SD2,Tumor-like,Lymph Node Metastasis,0.8555769004998635,0.5781736497507075,SD2_Tumor-like
SD2,Tumor-like,Normal Lung,0.8825365835078554,0.6440334029173996,SD2_Tumor-like
SD2,Tumor-like,Pleural DTCs,0.8354723062436243,0.5422791465409009,SD2_Tumor-like
SD2,Tumor-like,Pleural Metastasis,0.8515363846733957,0.5849706874398451,SD2_Tumor-like
SD2,Tumor-like,Soft Tissue Metastasis,0.8455939576548512,0.5759135098437533,SD2_Tumor-like
SD2,Tumor-like,TMet,0.8564368646255895,0.5819358583058387,SD2_Tumor-like
SD2,Tumor-like,TnonMet,0.8494955275816299,0.5819868680977175,SD2_Tumor-like
SD2,Pre-malignant,KPT-E,0.8351359725633389,0.5497759977876902,SD2_Pre-malignant
SD2,Pre-malignant,KT,0.8379818380339874,0.5492315340301025,SD2_Pre-malignant
SD2,Pre-malignant,Liver Metastasis,0.8340821390796289,0.5116565329222594,SD2_Pre-malignant
SD2,Pre-malignant,Lymph Node Metastasis,0.856107984702032,0.5397511810868855,SD2_Pre-malignant
SD2,Pre-malignant,Normal Lung,0.8829888405633166,0.599764548777845,SD2_Pre-malignant
SD2,Pre-malignant,Pleural DTCs,0.835939606770646,0.5055268671744886,SD2_Pre-malignant
SD2,Pre-malignant,Pleural Metastasis,0.8521236283239491,0.5458265908199204,SD2_Pre-malignant
SD2,Pre-malignant,Soft Tissue Metastasis,0.8462671471436388,0.5382059471035858,SD2_Pre-malignant
SD2,Pre-malignant,TMet,0.856942203446831,0.5428381999032257,SD2_Pre-malignant
SD2,Pre-malignant,TnonMet,0.8500969711186468,0.5431477510171121,SD2_Pre-malignant
SD2,Pre-malignant,KPT-E,0.8292643552708999,0.601517333062759,SD2_Pre-malignant
SD2,Pre-malignant,KT,0.8321755436411364,0.6015274654445816,SD2_Pre-malignant
SD2,Pre-malignant,Liver Metastasis,0.8281303240035743,0.566239422061788,SD2_Pre-malignant
SD2,Pre-malignant,Lymph Node Metastasis,0.8508110969481071,0.5947216211623452,SD2_Pre-malignant
SD2,Pre-malignant,Normal Lung,0.8778101576301618,0.654347359251541,SD2_Pre-malignant
SD2,Pre-malignant,Pleural DTCs,0.8304972887695248,0.56130719668824,SD2_Pre-malignant
SD2,Pre-malignant,Pleural Metastasis,0.8465672525830165,0.6004600741300813,SD2_Pre-malignant
SD2,Pre-malignant,Soft Tissue Metastasis,0.8404354585981739,0.5918868617185933,SD2_Pre-malignant
SD2,Pre-malignant,TMet,0.8518222266539316,0.595245158661112,SD2_Pre-malignant
SD2,Pre-malignant,TnonMet,0.844690967519508,0.5941096836498079,SD2_Pre-malignant
SD2,Tumor-like,KPT-E,0.8318858687788894,0.522806134702365,SD2_Tumor-like
SD2,Tumor-like,KT,0.8346858544792407,0.5227707554772227,SD2_Tumor-like
SD2,Tumor-like,Liver Metastasis,0.8305924057336291,0.4963154299876268,SD2_Tumor-like
SD2,Tumor-like,Lymph Node Metastasis,0.8529847816643022,0.5209084448694735,SD2_Tumor-like
SD2,Tumor-like,Normal Lung,0.8800608118590673,0.5731502417615152,SD2_Tumor-like
SD2,Tumor-like,Pleural DTCs,0.8326603899401882,0.49117236066310954,SD2_Tumor-like
SD2,Tumor-like,Pleural Metastasis,0.8488688905252919,0.5246376113507241,SD2_Tumor-like
SD2,Tumor-like,Soft Tissue Metastasis,0.8428512255971511,0.5176201593667127,SD2_Tumor-like
SD2,Tumor-like,TMet,0.8537635141112501,0.519719632978472,SD2_Tumor-like
SD2,Tumor-like,TnonMet,0.84684491675069,0.5184019312305173,SD2_Tumor-like
SD2,Normal-like,KPT-E,0.8258979016307711,0.4804025580525241,SD2_Normal-like
SD2,Normal-like,KT,0.8288135217213407,0.4809099010756579,SD2_Normal-like
SD2,Normal-like,Liver Metastasis,0.8244204008846207,0.45176587080457725,SD2_Normal-like
SD2,Normal-like,Lymph Node Metastasis,0.8470159209419026,0.47561369159737193,SD2_Normal-like
SD2,Normal-like,Normal Lung,0.8733843055787021,0.5188067756008807,SD2_Normal-like
SD2,Normal-like,Pleural DTCs,0.8270334756282978,0.4504638234049008,SD2_Normal-like
SD2,Normal-like,Pleural Metastasis,0.84285466832224,0.4797355021182185,SD2_Normal-like
SD2,Normal-like,Soft Tissue Metastasis,0.836682443413421,0.47211844020172955,SD2_Normal-like
SD2,Normal-like,TMet,0.848073736174086,0.47655974182495153,SD2_Normal-like
SD2,Normal-like,TnonMet,0.8412962302209028,0.47735009094663045,SD2_Normal-like
SD3,Normal-like,KPT-E,0.8160095195331512,0.3831277299714233,SD3_Normal-like
SD3,Normal-like,KT,0.8185770136829825,0.3787275472679791,SD3_Normal-like
SD3,Normal-like,Liver Metastasis,0.8160457004553808,0.35394973050752676,SD3_Normal-like
SD3,Normal-like,Lymph Node Metastasis,0.838059647144983,0.3736049468277401,SD3_Normal-like
SD3,Normal-like,Normal Lung,0.8616612529836392,0.4004069431749817,SD3_Normal-like
SD3,Normal-like,Pleural DTCs,0.8192719590977062,0.3572903106784186,SD3_Normal-like
SD3,Normal-like,Pleural Metastasis,0.8336425050943737,0.37771530946094517,SD3_Normal-like
SD3,Normal-like,Soft Tissue Metastasis,0.8273276069123827,0.3674524594053595,SD3_Normal-like
SD3,Normal-like,TMet,0.8393911308444231,0.37959429732298433,SD3_Normal-like
SD3,Normal-like,TnonMet,0.8325798852187213,0.3835381612502176,SD3_Normal-like
SD3,Pre-malignant,KPT-E,0.8027341585717871,0.2904170451674935,SD3_Pre-malignant
SD3,Pre-malignant,KT,0.8048169226949071,0.2879952795026348,SD3_Pre-malignant
SD3,Pre-malignant,Liver Metastasis,0.8023032695647296,0.2775734169823761,SD3_Pre-malignant
SD3,Pre-malignant,Lymph Node Metastasis,0.8222451959838684,0.2879608368015824,SD3_Pre-malignant
SD3,Pre-malignant,Normal Lung,0.8440923356628383,0.30483816298708477,SD3_Pre-malignant
SD3,Pre-malignant,Pleural DTCs,0.8044153894205418,0.27536747666883,SD3_Pre-malignant
SD3,Pre-malignant,Pleural Metastasis,0.8189267463602834,0.2920665203131776,SD3_Pre-malignant
SD3,Pre-malignant,Soft Tissue Metastasis,0.8127396603212764,0.2850752037793775,SD3_Pre-malignant
SD3,Pre-malignant,TMet,0.8228882288906574,0.28756628920237925,SD3_Pre-malignant
SD3,Pre-malignant,TnonMet,0.8170933689846955,0.2897630161701536,SD3_Pre-malignant
SD3,Tumor-like,KPT-E,0.7679927419875863,0.3019068107493853,SD3_Tumor-like
SD3,Tumor-like,KT,0.76987771250536,0.3013596047111404,SD3_Tumor-like
SD3,Tumor-like,Liver Metastasis,0.7642483678727621,0.284677918703616,SD3_Tumor-like
SD3,Tumor-like,Lymph Node Metastasis,0.7827831262378158,0.2986744478506414,SD3_Tumor-like
SD3,Tumor-like,Normal Lung,0.8047733942503648,0.32458532333884116,SD3_Tumor-like
SD3,Tumor-like,Pleural DTCs,0.7664902675066358,0.2852244159088484,SD3_Tumor-like
SD3,Tumor-like,Pleural Metastasis,0.7807432591005563,0.3026214518368057,SD3_Tumor-like
SD3,Tumor-like,Soft Tissue Metastasis,0.7747338965277576,0.2953916456695087,SD3_Tumor-like
SD3,Tumor-like,TMet,0.7842288351903735,0.3015408764076353,SD3_Tumor-like
SD3,Tumor-like,TnonMet,0.7805221127350869,0.30533594583954254,SD3_Tumor-like
SD6,Pre-malignant,KPT-E,0.8459434017391845,0.4229212173517461,SD6_Pre-malignant
SD6,Pre-malignant,KT,0.8471868944295953,0.4161305835073062,SD6_Pre-malignant
SD6,Pre-malignant,Liver Metastasis,0.8452426190523987,0.4052692912783099,SD6_Pre-malignant
SD6,Pre-malignant,Lymph Node Metastasis,0.8659714463529653,0.4264855627360558,SD6_Pre-malignant
SD6,Pre-malignant,Normal Lung,0.8833556072581901,0.41609321470666916,SD6_Pre-malignant
SD6,Pre-malignant,Pleural DTCs,0.8482395612819609,0.41079433323309245,SD6_Pre-malignant
SD6,Pre-malignant,Pleural Metastasis,0.8623446413674986,0.42885013085403345,SD6_Pre-malignant
SD6,Pre-malignant,Soft Tissue Metastasis,0.8565618884437406,0.42069172899755886,SD6_Pre-malignant
SD6,Pre-malignant,TMet,0.8665607466897164,0.4269563824758088,SD6_Pre-malignant
SD6,Pre-malignant,TnonMet,0.8603386315343474,0.4269755180908308,SD6_Pre-malignant
SD6,Normal-like,KPT-E,0.8409808115200826,0.4742036676143696,SD6_Normal-like
SD6,Normal-like,KT,0.8427186221734639,0.4653428249394649,SD6_Normal-like
SD6,Normal-like,Liver Metastasis,0.8409681891803682,0.448615971308774,SD6_Normal-like
SD6,Normal-like,Lymph Node Metastasis,0.8626447570766226,0.47641486437573766,SD6_Normal-like
SD6,Normal-like,Normal Lung,0.8828908982500758,0.46826309784060804,SD6_Normal-like
SD6,Normal-like,Pleural DTCs,0.8443090790233007,0.4601014348008583,SD6_Normal-like
SD6,Normal-like,Pleural Metastasis,0.8585022529356074,0.47942865343839347,SD6_Normal-like
SD6,Normal-like,Soft Tissue Metastasis,0.8525907476492702,0.4691115609549932,SD6_Normal-like
SD6,Normal-like,TMet,0.8636052836915736,0.4812205119418308,SD6_Normal-like
SD6,Normal-like,TnonMet,0.8569404786577984,0.4837812218557775,SD6_Normal-like
SD6,Tumor-like,KPT-E,0.8409613910715563,0.39470860101321986,SD6_Tumor-like
SD6,Tumor-like,KT,0.8419762640847623,0.3886174951409071,SD6_Tumor-like
SD6,Tumor-like,Liver Metastasis,0.8421543756974265,0.3911599133650039,SD6_Tumor-like
SD6,Tumor-like,Lymph Node Metastasis,0.8614058444364231,0.40580967509538457,SD6_Tumor-like
SD6,Tumor-like,Normal Lung,0.8792868494088408,0.40755279788913984,SD6_Tumor-like
SD6,Tumor-like,Pleural DTCs,0.8435630307912299,0.387705679442261,SD6_Tumor-like
SD6,Tumor-like,Pleural Metastasis,0.8586176109592782,0.41110019117791413,SD6_Tumor-like
SD6,Tumor-like,Soft Tissue Metastasis,0.852690885716957,0.4021855862107549,SD6_Tumor-like
SD6,Tumor-like,TMet,0.8611392543037992,0.4014995330135441,SD6_Tumor-like
SD6,Tumor-like,TnonMet,0.8548087240328849,0.3989549613009548,SD6_Tumor-like
SD7,Pre-malignant,KPT-E,0.8512882619543648,0.5154351578475777,SD7_Pre-malignant
SD7,Pre-malignant,KT,0.852446004538584,0.5108266617691911,SD7_Pre-malignant
SD7,Pre-malignant,Liver Metastasis,0.8510872370955279,0.5077564560725724,SD7_Pre-malignant
SD7,Pre-malignant,Lymph Node Metastasis,0.8705600391775323,0.5282982366062358,SD7_Pre-malignant
SD7,Pre-malignant,Normal Lung,0.8838526172123791,0.5145151811757828,SD7_Pre-malignant
SD7,Pre-malignant,Pleural DTCs,0.8523959286049512,0.5055639787677638,SD7_Pre-malignant
SD7,Pre-malignant,Pleural Metastasis,0.867491526990458,0.5297021397340214,SD7_Pre-malignant
SD7,Pre-malignant,Soft Tissue Metastasis,0.8621842115963471,0.5238734026845474,SD7_Pre-malignant
SD7,Pre-malignant,TMet,0.8695429893404184,0.5206317151265525,SD7_Pre-malignant
SD7,Pre-malignant,TnonMet,0.862971930910152,0.514387885438015,SD7_Pre-malignant
SD7,Tumor-like,KPT-E,0.8461522962607195,0.6344107429776257,SD7_Tumor-like
SD7,Tumor-like,KT,0.848135498564234,0.6267655115170156,SD7_Tumor-like
SD7,Tumor-like,Liver Metastasis,0.8469957760630766,0.6236760099869242,SD7_Tumor-like
SD7,Tumor-like,Lymph Node Metastasis,0.8686944461247722,0.6516274732348586,SD7_Tumor-like
SD7,Tumor-like,Normal Lung,0.8873658079556551,0.6268569566635188,SD7_Tumor-like
SD7,Tumor-like,Pleural DTCs,0.849005932377336,0.621170730974243,SD7_Tumor-like
SD7,Tumor-like,Pleural Metastasis,0.8644557717836163,0.6525976056277575,SD7_Tumor-like
SD7,Tumor-like,Soft Tissue Metastasis,0.8588011433950695,0.6472048083834693,SD7_Tumor-like
SD7,Tumor-like,TMet,0.868484566109576,0.6410003694342903,SD7_Tumor-like
SD7,Tumor-like,TnonMet,0.8607576631077487,0.6301212154027495,SD7_Tumor-like
SD7,Normal-like,KPT-E,0.8464162898806686,0.49727865441869185,SD7_Normal-like
SD7,Normal-like,KT,0.8481105018343584,0.4932708268206945,SD7_Normal-like
SD7,Normal-like,Liver Metastasis,0.8464041179275426,0.4881513105610011,SD7_Normal-like
SD7,Normal-like,Lymph Node Metastasis,0.866716794069917,0.5080966548621869,SD7_Normal-like
SD7,Normal-like,Normal Lung,0.8821423880159077,0.4916314032705795,SD7_Normal-like
SD7,Normal-like,Pleural DTCs,0.8484394128953285,0.48827066953865417,SD7_Normal-like
SD7,Normal-like,Pleural Metastasis,0.8629315184653834,0.5081583361008655,SD7_Normal-like
SD7,Normal-like,Soft Tissue Metastasis,0.8574840486757215,0.5029903028789606,SD7_Normal-like
SD7,Normal-like,TMet,0.8661453049291958,0.500881924461471,SD7_Normal-like
SD7,Normal-like,TnonMet,0.8593282082503031,0.49541797452642616,SD7_Normal-like
SD8,Normal-like,KPT-E,0.7889752428311101,0.1196033227862386,SD8_Normal-like
SD8,Normal-like,KT,0.7914705996708489,0.11865620215112378,SD8_Normal-like
SD8,Normal-like,Liver Metastasis,0.7900743416035547,0.10740821629709224,SD8_Normal-like
SD8,Normal-like,Lymph Node Metastasis,0.8115788546671209,0.12167884332841447,SD8_Normal-like
SD8,Normal-like,Normal Lung,0.8353013286621769,0.1435216558812113,SD8_Normal-like
SD8,Normal-like,Pleural DTCs,0.7933941797967237,0.11187280523766159,SD8_Normal-like
SD8,Normal-like,Pleural Metastasis,0.8083624749856824,0.1285517019790774,SD8_Normal-like
SD8,Normal-like,Soft Tissue Metastasis,0.8010857769588782,0.11893323462341804,SD8_Normal-like
SD8,Normal-like,TMet,0.8123774174860383,0.12295399504543175,SD8_Normal-like
SD8,Normal-like,TnonMet,0.8060747730165282,0.12537438165321962,SD8_Normal-like
SD8,Pre-malignant,KPT-E,0.8039863759087598,0.13933668521186954,SD8_Pre-malignant
SD8,Pre-malignant,KT,0.8065197236221697,0.13452365834770486,SD8_Pre-malignant
SD8,Pre-malignant,Liver Metastasis,0.8061058437276931,0.11972644818422637,SD8_Pre-malignant
SD8,Pre-malignant,Lymph Node Metastasis,0.8274506981470867,0.13478161624783705,SD8_Pre-malignant
SD8,Pre-malignant,Normal Lung,0.8500521881516421,0.1466672339455506,SD8_Pre-malignant
SD8,Pre-malignant,Pleural DTCs,0.809179198005564,0.12510256250869908,SD8_Pre-malignant
SD8,Pre-malignant,Pleural Metastasis,0.8232440638099646,0.1413425085034466,SD8_Pre-malignant
SD8,Pre-malignant,Soft Tissue Metastasis,0.8163599429583038,0.12850248130365144,SD8_Pre-malignant
SD8,Pre-malignant,TMet,0.8284524315255903,0.14121023050520054,SD8_Pre-malignant
SD8,Pre-malignant,TnonMet,0.8216953965868635,0.14774008342641132,SD8_Pre-malignant
SD8,Tumor-like,KPT-E,0.6496438878854437,0.19779461662144548,SD8_Tumor-like
SD8,Tumor-like,KT,0.6501842510847822,0.19551732545819459,SD8_Tumor-like
SD8,Tumor-like,Liver Metastasis,0.643665242337237,0.1794631444428847,SD8_Tumor-like
SD8,Tumor-like,Lymph Node Metastasis,0.6608297884536086,0.19459602589950017,SD8_Tumor-like
SD8,Tumor-like,Normal Lung,0.6749459537289506,0.20225026763626172,SD8_Tumor-like
SD8,Tumor-like,Pleural DTCs,0.6480490238360467,0.1863302690464364,SD8_Tumor-like
SD8,Tumor-like,Pleural Metastasis,0.6598990170418013,0.19819319489835177,SD8_Tumor-like
SD8,Tumor-like,Soft Tissue Metastasis,0.6526693205765324,0.18842974771815593,SD8_Tumor-like
SD8,Tumor-like,TMet,0.6637690256512516,0.20111139430199432,SD8_Tumor-like
SD8,Tumor-like,TnonMet,0.6618322050721811,0.2053862622752878,SD8_Tumor-like
SMP-332,Pre-malignant,KPT-E,0.8668686945766714,0.5860141325509973,SMP-332_Pre-malignant
SMP-332,Pre-malignant,KT,0.8684718385961814,0.581440823996665,SMP-332_Pre-malignant
SMP-332,Pre-malignant,Liver Metastasis,0.8680044009257059,0.5804640893706768,SMP-332_Pre-malignant
SMP-332,Pre-malignant,Lymph Node Metastasis,0.8871813025374256,0.5952804309601136,SMP-332_Pre-malignant
SMP-332,Pre-malignant,Normal Lung,0.9023640936895408,0.5605281321190041,SMP-332_Pre-malignant
SMP-332,Pre-malignant,Pleural DTCs,0.8691897931872916,0.5722033440903864,SMP-332_Pre-malignant
SMP-332,Pre-malignant,Pleural Metastasis,0.882994781572999,0.591820042103431,SMP-332_Pre-malignant
SMP-332,Pre-malignant,Soft Tissue Metastasis,0.8792875390285945,0.5984084105141042,SMP-332_Pre-malignant
SMP-332,Pre-malignant,TMet,0.8862180253610867,0.5824659995037753,SMP-332_Pre-malignant
SMP-332,Pre-malignant,TnonMet,0.8790336353378553,0.5724955207163371,SMP-332_Pre-malignant
SMP-332,Tumor-like,KPT-E,0.8687350580608015,0.5610724016010058,SMP-332_Tumor-like
SMP-332,Tumor-like,KT,0.8698043113116589,0.5530343482112416,SMP-332_Tumor-like
SMP-332,Tumor-like,Liver Metastasis,0.8714820759964267,0.5702927268896738,SMP-332_Tumor-like
SMP-332,Tumor-like,Lymph Node Metastasis,0.8898250077964509,0.5807505568377785,SMP-332_Tumor-like
SMP-332,Tumor-like,Normal Lung,0.8982975911805442,0.491930001332152,SMP-332_Tumor-like
SMP-332,Tumor-like,Pleural DTCs,0.8733397986384381,0.5694062212284821,SMP-332_Tumor-like
SMP-332,Tumor-like,Pleural Metastasis,0.8852759967673656,0.5734357183264449,SMP-332_Tumor-like
SMP-332,Tumor-like,Soft Tissue Metastasis,0.8818470320416516,0.5804273533324402,SMP-332_Tumor-like
SMP-332,Tumor-like,TMet,0.8884212094201148,0.5657705631419343,SMP-332_Tumor-like
SMP-332,Tumor-like,TnonMet,0.8808628626573195,0.5521736369842749,SMP-332_Tumor-like
SMP-332,Normal-like,KPT-E,0.8705410590980416,0.5242235883358917,SMP-332_Normal-like
SMP-332,Normal-like,KT,0.8715987903682981,0.5188155114019488,SMP-332_Normal-like
SMP-332,Normal-like,Liver Metastasis,0.868280063943184,0.4994071648022388,SMP-332_Normal-like
SMP-332,Normal-like,Lymph Node Metastasis,0.888157435366222,0.5240046257409815,SMP-332_Normal-like
SMP-332,Normal-like,Normal Lung,0.9013008597200969,0.49887238615268675,SMP-332_Normal-like
SMP-332,Normal-like,Pleural DTCs,0.8711059452162252,0.5056937799352192,SMP-332_Normal-like
SMP-332,Normal-like,Pleural Metastasis,0.883837421539121,0.5184026895883486,SMP-332_Normal-like
SMP-332,Normal-like,Soft Tissue Metastasis,0.8804553611640348,0.5223922259476433,SMP-332_Normal-like
SMP-332,Normal-like,TMet,0.8880827387329572,0.5217919356348663,SMP-332_Normal-like
SMP-332,Normal-like,TnonMet,0.8815910384125211,0.5159107576672534,SMP-332_Normal-like
SMP-3572,Pre-malignant,KPT-E,0.8568405741755883,0.609910656065857,SMP-3572_Pre-malignant
SMP-3572,Pre-malignant,KT,0.8590452012346232,0.6010673475421511,SMP-3572_Pre-malignant
SMP-3572,Pre-malignant,Liver Metastasis,0.8577755760731647,0.6055531630843118,SMP-3572_Pre-malignant
SMP-3572,Pre-malignant,Lymph Node Metastasis,0.8774417558194348,0.6170479873942644,SMP-3572_Pre-malignant
SMP-3572,Pre-malignant,Normal Lung,0.8984778410349329,0.6183209880735584,SMP-3572_Pre-malignant
SMP-3572,Pre-malignant,Pleural DTCs,0.8589821336629964,0.5973260638137131,SMP-3572_Pre-malignant
SMP-3572,Pre-malignant,Pleural Metastasis,0.8733846421940895,0.6156768680664948,SMP-3572_Pre-malignant
SMP-3572,Pre-malignant,Soft Tissue Metastasis,0.8688709439951324,0.6189706541529105,SMP-3572_Pre-malignant
SMP-3572,Pre-malignant,TMet,0.8768935834337261,0.6065863277148831,SMP-3572_Pre-malignant
SMP-3572,Pre-malignant,TnonMet,0.8700021729803021,0.6004369871131473,SMP-3572_Pre-malignant
SMP-3572,Normal-like,KPT-E,0.8527304841052247,0.588276346992278,SMP-3572_Normal-like
SMP-3572,Normal-like,KT,0.8559321183475925,0.5882506595112211,SMP-3572_Normal-like
SMP-3572,Normal-like,Liver Metastasis,0.85254426005678,0.5725326184198011,SMP-3572_Normal-like
SMP-3572,Normal-like,Lymph Node Metastasis,0.8734165667802316,0.5930899546852139,SMP-3572_Normal-like
SMP-3572,Normal-like,Normal Lung,0.8981116622564851,0.6303741081016909,SMP-3572_Normal-like
SMP-3572,Normal-like,Pleural DTCs,0.8540570232510548,0.5664912283568111,SMP-3572_Normal-like
SMP-3572,Normal-like,Pleural Metastasis,0.8695145959243659,0.5939839785051417,SMP-3572_Normal-like
SMP-3572,Normal-like,Soft Tissue Metastasis,0.8648267976095108,0.5965628237232291,SMP-3572_Normal-like
SMP-3572,Normal-like,TMet,0.873425852321787,0.5877597061079697,SMP-3572_Normal-like
SMP-3572,Normal-like,TnonMet,0.8662186191942491,0.5791837205700653,SMP-3572_Normal-like
SMP-3572,Tumor-like,KPT-E,0.8578878681196603,0.5532498927173797,SMP-3572_Tumor-like
SMP-3572,Tumor-like,KT,0.8599089864693523,0.5455887958954414,SMP-3572_Tumor-like
SMP-3572,Tumor-like,Liver Metastasis,0.8586350286779312,0.5487094236485496,SMP-3572_Tumor-like
SMP-3572,Tumor-like,Lymph Node Metastasis,0.8783863446868851,0.563780449820084,SMP-3572_Tumor-like
SMP-3572,Tumor-like,Normal Lung,0.8971576609155731,0.5528803991213725,SMP-3572_Tumor-like
SMP-3572,Tumor-like,Pleural DTCs,0.8605763497672773,0.5481548528884038,SMP-3572_Tumor-like
SMP-3572,Tumor-like,Pleural Metastasis,0.8742148824230778,0.5606006462483893,SMP-3572_Tumor-like
SMP-3572,Tumor-like,Soft Tissue Metastasis,0.8698230319728268,0.5627871029052377,SMP-3572_Tumor-like
SMP-3572,Tumor-like,TMet,0.8776026769536956,0.5536766357535616,SMP-3572_Tumor-like
SMP-3572,Tumor-like,TnonMet,0.8705380255090034,0.5455533297221833,SMP-3572_Tumor-like
SMP-3631,Pre-malignant,KPT-E,0.8604069223385442,0.6426196276844837,SMP-3631_Pre-malignant
SMP-3631,Pre-malignant,KT,0.8633173473750797,0.640099101499456,SMP-3631_Pre-malignant
SMP-3631,Pre-malignant,Liver Metastasis,0.8575341936469633,0.6018254224264592,SMP-3631_Pre-malignant
SMP-3631,Pre-malignant,Lymph Node Metastasis,0.8796760727057054,0.6371312024115778,SMP-3631_Pre-malignant
SMP-3631,Pre-malignant,Normal Lung,0.8988315418320276,0.6146051161562068,SMP-3631_Pre-malignant
SMP-3631,Pre-malignant,Pleural DTCs,0.8614085983235307,0.6168055058976687,SMP-3631_Pre-malignant
SMP-3631,Pre-malignant,Pleural Metastasis,0.8750300259827981,0.6301276468081639,SMP-3631_Pre-malignant
SMP-3631,Pre-malignant,Soft Tissue Metastasis,0.8704832126814713,0.6329329930029952,SMP-3631_Pre-malignant
SMP-3631,Pre-malignant,TMet,0.8802388701012891,0.6367293063208286,SMP-3631_Pre-malignant
SMP-3631,Pre-malignant,TnonMet,0.8734717997436077,0.6323390613747566,SMP-3631_Pre-malignant
SMP-3631,Normal-like,KPT-E,0.8587164760889985,0.6355265579149925,SMP-3631_Normal-like
SMP-3631,Normal-like,KT,0.8619051022762855,0.6357539575476777,SMP-3631_Normal-like
SMP-3631,Normal-like,Liver Metastasis,0.8554283359315983,0.5890121042129031,SMP-3631_Normal-like
SMP-3631,Normal-like,Lymph Node Metastasis,0.8777692618507431,0.6256876284405483,SMP-3631_Normal-like
SMP-3631,Normal-like,Normal Lung,0.8986669696971834,0.6218484657226772,SMP-3631_Normal-like
SMP-3631,Normal-like,Pleural DTCs,0.8593193767239136,0.6043547142075434,SMP-3631_Normal-like
SMP-3631,Normal-like,Pleural Metastasis,0.8733434240216296,0.6214203736899516,SMP-3631_Normal-like
SMP-3631,Normal-like,Soft Tissue Metastasis,0.8686812066295806,0.6234261304181283,SMP-3631_Normal-like
SMP-3631,Normal-like,TMet,0.8784908919935419,0.6270563106917648,SMP-3631_Normal-like
SMP-3631,Normal-like,TnonMet,0.8716897002127223,0.6227635977161787,SMP-3631_Normal-like
SMP-3631,Tumor-like,KPT-E,0.8660269777001295,0.5222269169538251,SMP-3631_Tumor-like
SMP-3631,Tumor-like,KT,0.866893606925703,0.5130937721186529,SMP-3631_Tumor-like
SMP-3631,Tumor-like,Liver Metastasis,0.8628337241832822,0.5015884360325833,SMP-3631_Tumor-like
SMP-3631,Tumor-like,Lymph Node Metastasis,0.8830581556373764,0.5259061481438659,SMP-3631_Tumor-like
SMP-3631,Tumor-like,Normal Lung,0.8945778343833413,0.4935982967184411,SMP-3631_Tumor-like
SMP-3631,Tumor-like,Pleural DTCs,0.8665706180862572,0.5102671257967312,SMP-3631_Tumor-like
SMP-3631,Tumor-like,Pleural Metastasis,0.878761538863542,0.5204685433849113,SMP-3631_Tumor-like
SMP-3631,Tumor-like,Soft Tissue Metastasis,0.8753869814094561,0.5235694553972738,SMP-3631_Tumor-like
SMP-3631,Tumor-like,TMet,0.8825076362497515,0.5202025742521126,SMP-3631_Tumor-like
SMP-3631,Tumor-like,TnonMet,0.8764099921713138,0.515603916697082,SMP-3631_Tumor-like
SMP-3812,Tumor-like,KPT-E,0.8589832328958401,0.5872724480565815,SMP-3812_Tumor-like
SMP-3812,Tumor-like,KT,0.860726691941149,0.5779752651021688,SMP-3812_Tumor-like
SMP-3812,Tumor-like,Liver Metastasis,0.8608470674403194,0.5897973028480181,SMP-3812_Tumor-like
SMP-3812,Tumor-like,Lymph Node Metastasis,0.8804425224433645,0.6025428633568352,SMP-3812_Tumor-like
SMP-3812,Tumor-like,Normal Lung,0.8957022638400135,0.559674618621388,SMP-3812_Tumor-like
SMP-3812,Tumor-like,Pleural DTCs,0.862276366696102,0.5832072303666929,SMP-3812_Tumor-like
SMP-3812,Tumor-like,Pleural Metastasis,0.8762716837227612,0.6009869219461556,SMP-3812_Tumor-like
SMP-3812,Tumor-like,Soft Tissue Metastasis,0.87210532416396,0.6054669375628767,SMP-3812_Tumor-like
SMP-3812,Tumor-like,TMet,0.8796702702747874,0.5907331208781522,SMP-3812_Tumor-like
SMP-3812,Tumor-like,TnonMet,0.8720465441552859,0.5791027632159914,SMP-3812_Tumor-like
SMP-3812,Pre-malignant,KPT-E,0.8588515243035162,0.6448372231178847,SMP-3812_Pre-malignant
SMP-3812,Pre-malignant,KT,0.8609579907852688,0.6371966898748842,SMP-3812_Pre-malignant
SMP-3812,Pre-malignant,Liver Metastasis,0.8593166691790448,0.6329188639485062,SMP-3812_Pre-malignant
SMP-3812,Pre-malignant,Lymph Node Metastasis,0.8798469917898417,0.653524018135033,SMP-3812_Pre-malignant
SMP-3812,Pre-malignant,Normal Lung,0.8964411755154826,0.6135948127113934,SMP-3812_Pre-malignant
SMP-3812,Pre-malignant,Pleural DTCs,0.8614457422451909,0.632019372409948,SMP-3812_Pre-malignant
SMP-3812,Pre-malignant,Pleural Metastasis,0.8754844827026729,0.6505832524015716,SMP-3812_Pre-malignant
SMP-3812,Pre-malignant,Soft Tissue Metastasis,0.8710799969314842,0.6543930050060777,SMP-3812_Pre-malignant
SMP-3812,Pre-malignant,TMet,0.8794387029268529,0.6435684519332119,SMP-3812_Pre-malignant
SMP-3812,Pre-malignant,TnonMet,0.8721181207222098,0.6346459282288958,SMP-3812_Pre-malignant
SMP-3812,Normal-like,KPT-E,0.8588663883313317,0.5352672078015813,SMP-3812_Normal-like
SMP-3812,Normal-like,KT,0.861245167931572,0.5329066731259873,SMP-3812_Normal-like
SMP-3812,Normal-like,Liver Metastasis,0.8594210471309616,0.5281217567473007,SMP-3812_Normal-like
SMP-3812,Normal-like,Lymph Node Metastasis,0.878634526552012,0.5396435644802927,SMP-3812_Normal-like
SMP-3812,Normal-like,Normal Lung,0.8967527203489641,0.5331468074742818,SMP-3812_Normal-like
SMP-3812,Normal-like,Pleural DTCs,0.8606045554783861,0.5213217389919287,SMP-3812_Normal-like
SMP-3812,Normal-like,Pleural Metastasis,0.8747131900675658,0.5393650412414531,SMP-3812_Normal-like
SMP-3812,Normal-like,Soft Tissue Metastasis,0.8704910073902649,0.5416024581035747,SMP-3812_Normal-like
SMP-3812,Normal-like,TMet,0.8777891617016338,0.5294626153950504,SMP-3812_Normal-like
SMP-3812,Normal-like,TnonMet,0.8706442857093164,0.5221131386065055,SMP-3812_Normal-like
SMP-4172,Tumor-like,KPT-E,0.8637969553784375,0.5573539501743233,SMP-4172_Tumor-like
SMP-4172,Tumor-like,KT,0.866085520126829,0.5504535041240054,SMP-4172_Tumor-like
SMP-4172,Tumor-like,Liver Metastasis,0.8671703623551127,0.5732577178360235,SMP-4172_Tumor-like
SMP-4172,Tumor-like,Lymph Node Metastasis,0.8840356586961449,0.5708902692082266,SMP-4172_Tumor-like
SMP-4172,Tumor-like,Normal Lung,0.9008298579632898,0.5409336675644496,SMP-4172_Tumor-like
SMP-4172,Tumor-like,Pleural DTCs,0.8666416160690176,0.5558130964850744,SMP-4172_Tumor-like
SMP-4172,Tumor-like,Pleural Metastasis,0.880064935930077,0.568891308580959,SMP-4172_Tumor-like
SMP-4172,Tumor-like,Soft Tissue Metastasis,0.8768199921241596,0.5781197006361645,SMP-4172_Tumor-like
SMP-4172,Tumor-like,TMet,0.8824461507856256,0.5555536083039079,SMP-4172_Tumor-like
SMP-4172,Tumor-like,TnonMet,0.8752832367098436,0.5460681791870409,SMP-4172_Tumor-like
SMP-4172,Pre-malignant,KPT-E,0.8633124015742191,0.5867333189586696,SMP-4172_Pre-malignant
SMP-4172,Pre-malignant,KT,0.8652786597224388,0.5755057331987722,SMP-4172_Pre-malignant
SMP-4172,Pre-malignant,Liver Metastasis,0.8663607818551299,0.6016001155499794,SMP-4172_Pre-malignant
SMP-4172,Pre-malignant,Lymph Node Metastasis,0.8837075245027176,0.5996608211126458,SMP-4172_Pre-malignant
SMP-4172,Pre-malignant,Normal Lung,0.9015391149481518,0.5710974909402277,SMP-4172_Pre-malignant
SMP-4172,Pre-malignant,Pleural DTCs,0.8661267185993302,0.5841536235128656,SMP-4172_Pre-malignant
SMP-4172,Pre-malignant,Pleural Metastasis,0.8797038565348059,0.5979148038932284,SMP-4172_Pre-malignant
SMP-4172,Pre-malignant,Soft Tissue Metastasis,0.8759465136462512,0.6046410511897181,SMP-4172_Pre-malignant
SMP-4172,Pre-malignant,TMet,0.8824519942973856,0.5853750308266938,SMP-4172_Pre-malignant
SMP-4172,Pre-malignant,TnonMet,0.8756148859413351,0.5788443107211354,SMP-4172_Pre-malignant
SMP-4172,Normal-like,KPT-E,0.8606968830949144,0.5472420187967549,SMP-4172_Normal-like
SMP-4172,Normal-like,KT,0.8639770576700954,0.5476085200900817,SMP-4172_Normal-like
SMP-4172,Normal-like,Liver Metastasis,0.8617284849366542,0.5446402228351714,SMP-4172_Normal-like
SMP-4172,Normal-like,Lymph Node Metastasis,0.8808325935951548,0.5574140141798224,SMP-4172_Normal-like
SMP-4172,Normal-like,Normal Lung,0.9013888601486564,0.5563811567931051,SMP-4172_Normal-like
SMP-4172,Normal-like,Pleural DTCs,0.8627054215413128,0.5382004254726513,SMP-4172_Normal-like
SMP-4172,Normal-like,Pleural Metastasis,0.8768234167565381,0.555696676229447,SMP-4172_Normal-like
SMP-4172,Normal-like,Soft Tissue Metastasis,0.8726791473415348,0.5587071990405164,SMP-4172_Normal-like
SMP-4172,Normal-like,TMet,0.8799682796790581,0.5474002834767243,SMP-4172_Normal-like
SMP-4172,Normal-like,TnonMet,0.8730033870811946,0.5400577643092835,SMP-4172_Normal-like
SMP-4561,Pre-malignant,KPT-E,0.8656485924843287,0.6210665716268904,SMP-4561_Pre-malignant
SMP-4561,Pre-malignant,KT,0.8682165808525413,0.6160037470778844,SMP-4561_Pre-malignant
SMP-4561,Pre-malignant,Liver Metastasis,0.8645937548953924,0.6020202425882195,SMP-4561_Pre-malignant
SMP-4561,Pre-malignant,Lymph Node Metastasis,0.8845994681343992,0.6186431249643339,SMP-4561_Pre-malignant
SMP-4561,Pre-malignant,Normal Lung,0.9025853982279137,0.5916148362129927,SMP-4561_Pre-malignant
SMP-4561,Pre-malignant,Pleural DTCs,0.867116639916278,0.6027003017486563,SMP-4561_Pre-malignant
SMP-4561,Pre-malignant,Pleural Metastasis,0.8800931784556707,0.6127490870724996,SMP-4561_Pre-malignant
SMP-4561,Pre-malignant,Soft Tissue Metastasis,0.8759124118590113,0.6180275258166317,SMP-4561_Pre-malignant
SMP-4561,Pre-malignant,TMet,0.8845754275252173,0.6125996853042344,SMP-4561_Pre-malignant
SMP-4561,Pre-malignant,TnonMet,0.8782425800164047,0.6095037159775873,SMP-4561_Pre-malignant
SMP-4561,Normal-like,KPT-E,0.8617163060777234,0.5698319565878671,SMP-4561_Normal-like
SMP-4561,Normal-like,KT,0.8645081322980073,0.5669033583956522,SMP-4561_Normal-like
SMP-4561,Normal-like,Liver Metastasis,0.8586828407168976,0.532443460373512,SMP-4561_Normal-like
SMP-4561,Normal-like,Lymph Node Metastasis,0.8802775570083222,0.5620428624377556,SMP-4561_Normal-like
SMP-4561,Normal-like,Normal Lung,0.9018541131960018,0.5731078537264188,SMP-4561_Normal-like
SMP-4561,Normal-like,Pleural DTCs,0.8616099147679325,0.53669470349896,SMP-4561_Normal-like
SMP-4561,Normal-like,Pleural Metastasis,0.8759628572495353,0.5586800121316644,SMP-4561_Normal-like
SMP-4561,Normal-like,Soft Tissue Metastasis,0.8714016582253648,0.5604106554793603,SMP-4561_Normal-like
SMP-4561,Normal-like,TMet,0.8808660958429427,0.5624116085751716,SMP-4561_Normal-like
SMP-4561,Normal-like,TnonMet,0.8744063983278085,0.5586292540636454,SMP-4561_Normal-like
SMP-4561,Tumor-like,KPT-E,0.8659934349826299,0.5037308021234329,SMP-4561_Tumor-like
SMP-4561,Tumor-like,KT,0.8675935364979073,0.4980226348329933,SMP-4561_Tumor-like
SMP-4561,Tumor-like,Liver Metastasis,0.8676887464939975,0.5088878567088977,SMP-4561_Tumor-like
SMP-4561,Tumor-like,Lymph Node Metastasis,0.8843084802189414,0.5143240475664224,SMP-4561_Tumor-like
SMP-4561,Tumor-like,Normal Lung,0.8972382748225995,0.48883298527749547,SMP-4561_Tumor-like
SMP-4561,Tumor-like,Pleural DTCs,0.8685028399186312,0.5019062258012991,SMP-4561_Tumor-like
SMP-4561,Tumor-like,Pleural Metastasis,0.8807178375140133,0.5128950659003778,SMP-4561_Tumor-like
SMP-4561,Tumor-like,Soft Tissue Metastasis,0.8775449476488438,0.517412540876974,SMP-4561_Tumor-like
SMP-4561,Tumor-like,TMet,0.8826232790633818,0.5020173006898495,SMP-4561_Tumor-like
SMP-4561,Tumor-like,TnonMet,0.8760934371613005,0.4942493838278299,SMP-4561_Tumor-like
SMP-480,Pre-malignant,KPT-E,0.8528631014260537,0.5678348850899906,SMP-480_Pre-malignant
SMP-480,Pre-malignant,KT,0.8561767711239587,0.5679532683490212,SMP-480_Pre-malignant
SMP-480,Pre-malignant,Liver Metastasis,0.8561920125313768,0.5796075575007315,SMP-480_Pre-malignant
SMP-480,Pre-malignant,Lymph Node Metastasis,0.8762191537742294,0.5940267776299947,SMP-480_Pre-malignant
SMP-480,Pre-malignant,Normal Lung,0.8960644574279806,0.5928369188691395,SMP-480_Pre-malignant
SMP-480,Pre-malignant,Pleural DTCs,0.8564409939495432,0.5651961239797867,SMP-480_Pre-malignant
SMP-480,Pre-malignant,Pleural Metastasis,0.8724106335330276,0.5958022372436033,SMP-480_Pre-malignant
SMP-480,Pre-malignant,Soft Tissue Metastasis,0.8685978631139248,0.6021334872156128,SMP-480_Pre-malignant
SMP-480,Pre-malignant,TMet,0.8747390263434103,0.5771961709584656,SMP-480_Pre-malignant
SMP-480,Pre-malignant,TnonMet,0.866400369973752,0.5629550440125083,SMP-480_Pre-malignant
SMP-480,Normal-like,KPT-E,0.8504288600184361,0.6081572708025353,SMP-480_Normal-like
SMP-480,Normal-like,KT,0.8543300670092029,0.6129241777829801,SMP-480_Normal-like
SMP-480,Normal-like,Liver Metastasis,0.8516033420483858,0.6013713044736413,SMP-480_Normal-like
SMP-480,Normal-like,Lymph Node Metastasis,0.8732540388152523,0.627935912402304,SMP-480_Normal-like
SMP-480,Normal-like,Normal Lung,0.8938245792680289,0.6257709998126333,SMP-480_Normal-like
SMP-480,Normal-like,Pleural DTCs,0.8535745352549116,0.5996800255510254,SMP-480_Normal-like
SMP-480,Normal-like,Pleural Metastasis,0.868977736703839,0.6269388127389044,SMP-480_Normal-like
SMP-480,Normal-like,Soft Tissue Metastasis,0.8647801034608663,0.6325156023038996,SMP-480_Normal-like
SMP-480,Normal-like,TMet,0.8728825266657543,0.6185438679015485,SMP-480_Normal-like
SMP-480,Normal-like,TnonMet,0.8646433972802069,0.6045082815754365,SMP-480_Normal-like
SMP-480,Tumor-like,KPT-E,0.8532157382169544,0.5943042366085575,SMP-480_Tumor-like
SMP-480,Tumor-like,KT,0.8559614960282624,0.5892956225612472,SMP-480_Tumor-like
SMP-480,Tumor-like,Liver Metastasis,0.8571648246756568,0.6121394622756775,SMP-480_Tumor-like
SMP-480,Tumor-like,Lymph Node Metastasis,0.8780367927931512,0.6338365345931449,SMP-480_Tumor-like
SMP-480,Tumor-like,Normal Lung,0.8927986064294096,0.582167910802602,SMP-480_Tumor-like
SMP-480,Tumor-like,Pleural DTCs,0.8594399881888355,0.6137338488198145,SMP-480_Tumor-like
SMP-480,Tumor-like,Pleural Metastasis,0.8738031011790646,0.6322391777705499,SMP-480_Tumor-like
SMP-480,Tumor-like,Soft Tissue Metastasis,0.8698883861727715,0.6385190991135479,SMP-480_Tumor-like
SMP-480,Tumor-like,TMet,0.8766690321011756,0.6166229618236168,SMP-480_Tumor-like
SMP-480,Tumor-like,TnonMet,0.8678525373059147,0.5974095935870095,SMP-480_Tumor-like
SMP-4891,Normal-like,KPT-E,0.8710866145902039,0.5285755792765933,SMP-4891_Normal-like
SMP-4891,Normal-like,KT,0.8733205746365613,0.5302802180434447,SMP-4891_Normal-like
SMP-4891,Normal-like,Liver Metastasis,0.8699388208208437,0.507843907211375,SMP-4891_Normal-like
SMP-4891,Normal-like,Lymph Node Metastasis,0.8906095230740474,0.5378185301737632,SMP-4891_Normal-like
SMP-4891,Normal-like,Normal Lung,0.9066143671814981,0.5265901162737474,SMP-4891_Normal-like
SMP-4891,Normal-like,Pleural DTCs,0.8747307903809292,0.5245645778988232,SMP-4891_Normal-like
SMP-4891,Normal-like,Pleural Metastasis,0.885931165086175,0.5297549737723793,SMP-4891_Normal-like
SMP-4891,Normal-like,Soft Tissue Metastasis,0.8828980365901016,0.5386840272543496,SMP-4891_Normal-like
SMP-4891,Normal-like,TMet,0.8902584570530787,0.5334388268302659,SMP-4891_Normal-like
SMP-4891,Normal-like,TnonMet,0.8827828907456268,0.5205211314774328,SMP-4891_Normal-like
SMP-4891,Tumor-like,KPT-E,0.8726402864608315,0.5491847882272112,SMP-4891_Tumor-like
SMP-4891,Tumor-like,KT,0.8744072479238019,0.5469769652639511,SMP-4891_Tumor-like
SMP-4891,Tumor-like,Liver Metastasis,0.87327466331872,0.5427025321028778,SMP-4891_Tumor-like
SMP-4891,Tumor-like,Lymph Node Metastasis,0.8922589776644223,0.5593514553881476,SMP-4891_Tumor-like
SMP-4891,Tumor-like,Normal Lung,0.9016965714691456,0.48416792382568613,SMP-4891_Tumor-like
SMP-4891,Tumor-like,Pleural DTCs,0.8775836057244126,0.5560241623921799,SMP-4891_Tumor-like
SMP-4891,Tumor-like,Pleural Metastasis,0.8872006381949182,0.5476818412152009,SMP-4891_Tumor-like
SMP-4891,Tumor-like,Soft Tissue Metastasis,0.884250578260587,0.557761058967119,SMP-4891_Tumor-like
SMP-4891,Tumor-like,TMet,0.8912473643271529,0.5488876394276455,SMP-4891_Tumor-like
SMP-4891,Tumor-like,TnonMet,0.8841674229095204,0.5391678131108565,SMP-4891_Tumor-like
SMP-4891,Pre-malignant,KPT-E,0.8719657461112209,0.566514723260708,SMP-4891_Pre-malignant
SMP-4891,Pre-malignant,KT,0.873611053224737,0.5626511682116129,SMP-4891_Pre-malignant
SMP-4891,Pre-malignant,Liver Metastasis,0.8735225898903489,0.5677159024056859,SMP-4891_Pre-malignant
SMP-4891,Pre-malignant,Lymph Node Metastasis,0.8918327271862311,0.5768792323747455,SMP-4891_Pre-malignant
SMP-4891,Pre-malignant,Normal Lung,0.9051422013660413,0.5318082726284863,SMP-4891_Pre-malignant
SMP-4891,Pre-malignant,Pleural DTCs,0.8761267397261074,0.5660540901649839,SMP-4891_Pre-malignant
SMP-4891,Pre-malignant,Pleural Metastasis,0.8871995671255657,0.5688873083021226,SMP-4891_Pre-malignant
SMP-4891,Pre-malignant,Soft Tissue Metastasis,0.8838612115883178,0.5768693043393032,SMP-4891_Pre-malignant
SMP-4891,Pre-malignant,TMet,0.8905620110889614,0.5628457433631658,SMP-4891_Pre-malignant
SMP-4891,Pre-malignant,TnonMet,0.8836161842073595,0.5546066073197765,SMP-4891_Pre-malignant
SMP-5041,Pre-malignant,KPT-E,0.8663397484487108,0.598226545596722,SMP-5041_Pre-malignant
SMP-5041,Pre-malignant,KT,0.8677627912102513,0.5906018797447101,SMP-5041_Pre-malignant
SMP-5041,Pre-malignant,Liver Metastasis,0.8695434299615975,0.6090353564677871,SMP-5041_Pre-malignant
SMP-5041,Pre-malignant,Lymph Node Metastasis,0.8868473246495926,0.6066167201409312,SMP-5041_Pre-malignant
SMP-5041,Pre-malignant,Normal Lung,0.9022812161064444,0.5601443083191248,SMP-5041_Pre-malignant
SMP-5041,Pre-malignant,Pleural DTCs,0.8691403672072608,0.5862645209977408,SMP-5041_Pre-malignant
SMP-5041,Pre-malignant,Pleural Metastasis,0.8831554023905375,0.6071230336147792,SMP-5041_Pre-malignant
SMP-5041,Pre-malignant,Soft Tissue Metastasis,0.8795428326019425,0.6126315164963928,SMP-5041_Pre-malignant
SMP-5041,Pre-malignant,TMet,0.8854478774254524,0.5919055160642254,SMP-5041_Pre-malignant
SMP-5041,Pre-malignant,TnonMet,0.878475980648873,0.5859200465862273,SMP-5041_Pre-malignant
SMP-5041,Tumor-like,KPT-E,0.8661885135510795,0.5336035310819208,SMP-5041_Tumor-like
SMP-5041,Tumor-like,KT,0.8675526026645635,0.5275638727198907,SMP-5041_Tumor-like
SMP-5041,Tumor-like,Liver Metastasis,0.8702375988719085,0.5497037665814736,SMP-5041_Tumor-like
SMP-5041,Tumor-like,Lymph Node Metastasis,0.887422597654463,0.5520107544236936,SMP-5041_Tumor-like
SMP-5041,Tumor-like,Normal Lung,0.9003441067353213,0.49852388962192135,SMP-5041_Tumor-like
SMP-5041,Tumor-like,Pleural DTCs,0.87039861522054,0.5366374887122511,SMP-5041_Tumor-like
SMP-5041,Tumor-like,Pleural Metastasis,0.8836644824824462,0.5506515281387012,SMP-5041_Tumor-like
SMP-5041,Tumor-like,Soft Tissue Metastasis,0.8804386177228448,0.5570622396429901,SMP-5041_Tumor-like
SMP-5041,Tumor-like,TMet,0.8853428386355082,0.5343332046293638,SMP-5041_Tumor-like
SMP-5041,Tumor-like,TnonMet,0.8779440706502614,0.5240428092713566,SMP-5041_Tumor-like
SMP-5041,Normal-like,KPT-E,0.8666553904358302,0.49243022275055953,SMP-5041_Normal-like
SMP-5041,Normal-like,KT,0.8671789898460938,0.4844481724073008,SMP-5041_Normal-like
SMP-5041,Normal-like,Liver Metastasis,0.8694985535939606,0.49793111848082056,SMP-5041_Normal-like
SMP-5041,Normal-like,Lymph Node Metastasis,0.8865042415144313,0.5081544084103576,SMP-5041_Normal-like
SMP-5041,Normal-like,Normal Lung,0.9031757388708195,0.5084505503200643,SMP-5041_Normal-like
SMP-5041,Normal-like,Pleural DTCs,0.8685627671474825,0.4832810768590316,SMP-5041_Normal-like
SMP-5041,Normal-like,Pleural Metastasis,0.8834836207566354,0.5094349205667933,SMP-5041_Normal-like
SMP-5041,Normal-like,Soft Tissue Metastasis,0.8807408673576218,0.5144257190085444,SMP-5041_Normal-like
SMP-5041,Normal-like,TMet,0.8845600384473628,0.4965001359601699,SMP-5041_Normal-like
SMP-5041,Normal-like,TnonMet,0.8774757343031299,0.4873976731223592,SMP-5041_Normal-like
SMP-5071,Pre-malignant,KPT-E,0.8639641541348763,0.6478196944206456,SMP-5071_Pre-malignant
SMP-5071,Pre-malignant,KT,0.8662537881581572,0.6430440679578315,SMP-5071_Pre-malignant
SMP-5071,Pre-malignant,Liver Metastasis,0.861795323219093,0.6142839854943705,SMP-5071_Pre-malignant
SMP-5071,Pre-malignant,Lymph Node Metastasis,0.8832709643447033,0.6427884042489121,SMP-5071_Pre-malignant
SMP-5071,Pre-malignant,Normal Lung,0.8996427669469567,0.599592591234035,SMP-5071_Pre-malignant
SMP-5071,Pre-malignant,Pleural DTCs,0.8655219328287861,0.6236456897108914,SMP-5071_Pre-malignant
SMP-5071,Pre-malignant,Pleural Metastasis,0.8785288072979953,0.6363439592856625,SMP-5071_Pre-malignant
SMP-5071,Pre-malignant,Soft Tissue Metastasis,0.8741579963621624,0.6388960312050497,SMP-5071_Pre-malignant
SMP-5071,Pre-malignant,TMet,0.8836209966232444,0.6407156446322055,SMP-5071_Pre-malignant
SMP-5071,Pre-malignant,TnonMet,0.8770050965061718,0.6377678992467628,SMP-5071_Pre-malignant
SMP-5071,Normal-like,KPT-E,0.863449411143709,0.6094975001216154,SMP-5071_Normal-like
SMP-5071,Normal-like,KT,0.8656735284619996,0.6046788604249581,SMP-5071_Normal-like
SMP-5071,Normal-like,Liver Metastasis,0.8597398648652622,0.5639019210887081,SMP-5071_Normal-like
SMP-5071,Normal-like,Lymph Node Metastasis,0.8820458090657947,0.5991700677262635,SMP-5071_Normal-like
SMP-5071,Normal-like,Normal Lung,0.8996342687190867,0.5743714928123932,SMP-5071_Normal-like
SMP-5071,Normal-like,Pleural DTCs,0.8641386028047389,0.5791291517339151,SMP-5071_Normal-like
SMP-5071,Normal-like,Pleural Metastasis,0.8774074893866324,0.5940490459380493,SMP-5071_Normal-like
SMP-5071,Normal-like,Soft Tissue Metastasis,0.8729666419415213,0.5954059473583648,SMP-5071_Normal-like
SMP-5071,Normal-like,TMet,0.8830947473382014,0.6044786490694178,SMP-5071_Normal-like
SMP-5071,Normal-like,TnonMet,0.8766528736911797,0.6029848822962325,SMP-5071_Normal-like
SMP-5071,Tumor-like,KPT-E,0.8665851491843523,0.5215320426990919,SMP-5071_Tumor-like
SMP-5071,Tumor-like,KT,0.8673854935109756,0.5120310023056496,SMP-5071_Tumor-like
SMP-5071,Tumor-like,Liver Metastasis,0.8649105503743408,0.5065169542371359,SMP-5071_Tumor-like
SMP-5071,Tumor-like,Lymph Node Metastasis,0.8855889513533945,0.5317329689981786,SMP-5071_Tumor-like
SMP-5071,Tumor-like,Normal Lung,0.8943132827951492,0.47537996512618524,SMP-5071_Tumor-like
SMP-5071,Tumor-like,Pleural DTCs,0.8695941952808574,0.5193319225577034,SMP-5071_Tumor-like
SMP-5071,Tumor-like,Pleural Metastasis,0.881109488253421,0.5264064152816712,SMP-5071_Tumor-like
SMP-5071,Tumor-like,Soft Tissue Metastasis,0.8777696967556021,0.5304618855144512,SMP-5071_Tumor-like
SMP-5071,Tumor-like,TMet,0.8853656750379727,0.5274699797596771,SMP-5071_Tumor-like
SMP-5071,Tumor-like,TnonMet,0.878481991754745,0.5191890959838863,SMP-5071_Tumor-like
SMP-5101,Pre-malignant,KPT-E,0.8626761360285826,0.5752246539565112,SMP-5101_Pre-malignant
SMP-5101,Pre-malignant,KT,0.8651791837139616,0.5703234419425851,SMP-5101_Pre-malignant
SMP-5101,Pre-malignant,Liver Metastasis,0.8649734377468392,0.5803282429994919,SMP-5101_Pre-malignant
SMP-5101,Pre-malignant,Lymph Node Metastasis,0.8835005086125152,0.589586005657281,SMP-5101_Pre-malignant
SMP-5101,Pre-malignant,Normal Lung,0.9021234410795411,0.5717186542136318,SMP-5101_Pre-malignant
SMP-5101,Pre-malignant,Pleural DTCs,0.8652476924928801,0.5679702384754071,SMP-5101_Pre-malignant
SMP-5101,Pre-malignant,Pleural Metastasis,0.8796198598809647,0.5875055656788846,SMP-5101_Pre-malignant
SMP-5101,Pre-malignant,Soft Tissue Metastasis,0.8760283554686681,0.5958918006122851,SMP-5101_Pre-malignant
SMP-5101,Pre-malignant,TMet,0.882361542634899,0.5769472824110523,SMP-5101_Pre-malignant
SMP-5101,Pre-malignant,TnonMet,0.8750619367278689,0.5672097942878157,SMP-5101_Pre-malignant
SMP-5101,Normal-like,KPT-E,0.8616354580777853,0.5247339192794803,SMP-5101_Normal-like
SMP-5101,Normal-like,KT,0.8647516995593496,0.5258299516727055,SMP-5101_Normal-like
SMP-5101,Normal-like,Liver Metastasis,0.8624071160929129,0.517780844395614,SMP-5101_Normal-like
SMP-5101,Normal-like,Lymph Node Metastasis,0.8819208225061859,0.5364180674228914,SMP-5101_Normal-like
SMP-5101,Normal-like,Normal Lung,0.9044225148310189,0.5598024938701633,SMP-5101_Normal-like
SMP-5101,Normal-like,Pleural DTCs,0.8628456740442665,0.508844538011022,SMP-5101_Normal-like
SMP-5101,Normal-like,Pleural Metastasis,0.878532761178287,0.5378201486835216,SMP-5101_Normal-like
SMP-5101,Normal-like,Soft Tissue Metastasis,0.874802665954159,0.5428869739791404,SMP-5101_Normal-like
SMP-5101,Normal-like,TMet,0.8811983055275385,0.5291263125525646,SMP-5101_Normal-like
SMP-5101,Normal-like,TnonMet,0.8737932810059639,0.5187456143640425,SMP-5101_Normal-like
SMP-5101,Tumor-like,KPT-E,0.862884814473232,0.5218389457772081,SMP-5101_Tumor-like
SMP-5101,Tumor-like,KT,0.8641169150209773,0.5097822559704484,SMP-5101_Tumor-like
SMP-5101,Tumor-like,Liver Metastasis,0.8671701563686474,0.5405253596278463,SMP-5101_Tumor-like
SMP-5101,Tumor-like,Lymph Node Metastasis,0.8848902484764543,0.5482872542718366,SMP-5101_Tumor-like
SMP-5101,Tumor-like,Normal Lung,0.8955659673385108,0.4784841170423867,SMP-5101_Tumor-like
SMP-5101,Tumor-like,Pleural DTCs,0.8685385513843504,0.5391236694178946,SMP-5101_Tumor-like
SMP-5101,Tumor-like,Pleural Metastasis,0.8810011422393195,0.5451877659513898,SMP-5101_Tumor-like
SMP-5101,Tumor-like,Soft Tissue Metastasis,0.8774274032123976,0.550324895254536,SMP-5101_Tumor-like
SMP-5101,Tumor-like,TMet,0.8826960154375137,0.5304137947828091,SMP-5101_Tumor-like
SMP-5101,Tumor-like,TnonMet,0.8750252141462873,0.5177987548527577,SMP-5101_Tumor-like
SMP-5251,Pre-malignant,KPT-E,0.8776748201183326,0.5085085901510009,SMP-5251_Pre-malignant
SMP-5251,Pre-malignant,KT,0.8787609240072074,0.508537176586931,SMP-5251_Pre-malignant
SMP-5251,Pre-malignant,Liver Metastasis,0.8808113465892562,0.5080199300904402,SMP-5251_Pre-malignant
SMP-5251,Pre-malignant,Lymph Node Metastasis,0.8965962750949208,0.509887584975626,SMP-5251_Pre-malignant
SMP-5251,Pre-malignant,Normal Lung,0.9114159029927136,0.47229639920941413,SMP-5251_Pre-malignant
SMP-5251,Pre-malignant,Pleural DTCs,0.8811811960816875,0.500787865701082,SMP-5251_Pre-malignant
SMP-5251,Pre-malignant,Pleural Metastasis,0.8927509396926832,0.504256339167283,SMP-5251_Pre-malignant
SMP-5251,Pre-malignant,Soft Tissue Metastasis,0.8900328358744086,0.5113927295857601,SMP-5251_Pre-malignant
SMP-5251,Pre-malignant,TMet,0.8950403375070404,0.5012830868060228,SMP-5251_Pre-malignant
SMP-5251,Pre-malignant,TnonMet,0.8888964843652793,0.5000921424917192,SMP-5251_Pre-malignant
SMP-5251,Normal-like,KPT-E,0.8774908205294387,0.454573721277366,SMP-5251_Normal-like
SMP-5251,Normal-like,KT,0.8778621530531011,0.45031829750088836,SMP-5251_Normal-like
SMP-5251,Normal-like,Liver Metastasis,0.8797330168977868,0.4499963814833367,SMP-5251_Normal-like
SMP-5251,Normal-like,Lymph Node Metastasis,0.895975150326341,0.46496447613228087,SMP-5251_Normal-like
SMP-5251,Normal-like,Normal Lung,0.915028991369577,0.4896971540013,SMP-5251_Normal-like
SMP-5251,Normal-like,Pleural DTCs,0.8789642068093761,0.43798778854646203,SMP-5251_Normal-like
SMP-5251,Normal-like,Pleural Metastasis,0.8932598004014913,0.46709092724049245,SMP-5251_Normal-like
SMP-5251,Normal-like,Soft Tissue Metastasis,0.8907852991686094,0.4710198437272704,SMP-5251_Normal-like
SMP-5251,Normal-like,TMet,0.8946031377578797,0.46013715241180475,SMP-5251_Normal-like
SMP-5251,Normal-like,TnonMet,0.8880911182957516,0.4524094640376601,SMP-5251_Normal-like
SMP-5251,Tumor-like,KPT-E,0.8706987921059092,0.4232102164767796,SMP-5251_Tumor-like
SMP-5251,Tumor-like,KT,0.8708352073228935,0.41872465625198196,SMP-5251_Tumor-like
SMP-5251,Tumor-like,Liver Metastasis,0.8783308274007814,0.4511214130263468,SMP-5251_Tumor-like
SMP-5251,Tumor-like,Lymph Node Metastasis,0.8907798870084723,0.4476604831108378,SMP-5251_Tumor-like
SMP-5251,Tumor-like,Normal Lung,0.8968314578725456,0.3910016849094287,SMP-5251_Tumor-like
SMP-5251,Tumor-like,Pleural DTCs,0.8770684626823254,0.4389059022207109,SMP-5251_Tumor-like
SMP-5251,Tumor-like,Pleural Metastasis,0.8878027150912728,0.446486877024762,SMP-5251_Tumor-like
SMP-5251,Tumor-like,Soft Tissue Metastasis,0.8869093273145778,0.4577256916318744,SMP-5251_Tumor-like
SMP-5251,Tumor-like,TMet,0.8871153667214828,0.4295677155513201,SMP-5251_Tumor-like
SMP-5251,Tumor-like,TnonMet,0.8798094423911411,0.41652273234327136,SMP-5251_Tumor-like
SMP-5281,Pre-malignant,KPT-E,0.8752206071985811,0.4674289722792951,SMP-5281_Pre-malignant
SMP-5281,Pre-malignant,KT,0.8764589272616803,0.4644795364879305,SMP-5281_Pre-malignant
SMP-5281,Pre-malignant,Liver Metastasis,0.8793608956282553,0.487547123416176,SMP-5281_Pre-malignant
SMP-5281,Pre-malignant,Lymph Node Metastasis,0.893696224676368,0.4744525138414118,SMP-5281_Pre-malignant
SMP-5281,Pre-malignant,Normal Lung,0.9081177660155542,0.4618827073048594,SMP-5281_Pre-malignant
SMP-5281,Pre-malignant,Pleural DTCs,0.8778624610069953,0.45784646827587827,SMP-5281_Pre-malignant
SMP-5281,Pre-malignant,Pleural Metastasis,0.8899712402585699,0.4733672113646518,SMP-5281_Pre-malignant
SMP-5281,Pre-malignant,Soft Tissue Metastasis,0.8879753651091484,0.4858892166957885,SMP-5281_Pre-malignant
SMP-5281,Pre-malignant,TMet,0.8915941525206155,0.45865949391713073,SMP-5281_Pre-malignant
SMP-5281,Pre-malignant,TnonMet,0.8851375332550968,0.4532068931174369,SMP-5281_Pre-malignant
SMP-5281,Tumor-like,KPT-E,0.8762320124545807,0.5525584016994115,SMP-5281_Tumor-like
SMP-5281,Tumor-like,KT,0.8778736354018827,0.5519906987111599,SMP-5281_Tumor-like
SMP-5281,Tumor-like,Liver Metastasis,0.8772287107733737,0.5437131834480726,SMP-5281_Tumor-like
SMP-5281,Tumor-like,Lymph Node Metastasis,0.8953990547550036,0.5588032136284729,SMP-5281_Tumor-like
SMP-5281,Tumor-like,Normal Lung,0.9062712074643882,0.47933128494140825,SMP-5281_Tumor-like
SMP-5281,Tumor-like,Pleural DTCs,0.8795906647891149,0.5446765220776054,SMP-5281_Tumor-like
SMP-5281,Tumor-like,Pleural Metastasis,0.8909443122128471,0.55092547116217,SMP-5281_Tumor-like
SMP-5281,Tumor-like,Soft Tissue Metastasis,0.8878388069018304,0.5581909607184347,SMP-5281_Tumor-like
SMP-5281,Tumor-like,TMet,0.8941513661461674,0.5467980697014584,SMP-5281_Tumor-like
SMP-5281,Tumor-like,TnonMet,0.8873681938014129,0.5388859131594507,SMP-5281_Tumor-like
SMP-5281,Normal-like,KPT-E,0.8648497898127003,0.45212266859170475,SMP-5281_Normal-like
SMP-5281,Normal-like,KT,0.8655561554697067,0.4498938588742207,SMP-5281_Normal-like
SMP-5281,Normal-like,Liver Metastasis,0.8621770814077685,0.43484648908385876,SMP-5281_Normal-like
SMP-5281,Normal-like,Lymph Node Metastasis,0.8777217969576057,0.45052561105146754,SMP-5281_Normal-like
SMP-5281,Normal-like,Normal Lung,0.8842026567584148,0.4252082755219905,SMP-5281_Normal-like
SMP-5281,Normal-like,Pleural DTCs,0.8633577784100644,0.4327295616661676,SMP-5281_Normal-like
SMP-5281,Normal-like,Pleural Metastasis,0.8741213261193593,0.44625894819329814,SMP-5281_Normal-like
SMP-5281,Normal-like,Soft Tissue Metastasis,0.8734653397056857,0.45519571759665767,SMP-5281_Normal-like
SMP-5281,Normal-like,TMet,0.8769471378563286,0.4478385069672959,SMP-5281_Normal-like
SMP-5281,Normal-like,TnonMet,0.8715934330166972,0.4430759296162555,SMP-5281_Normal-like
SMP-6098,Normal-like,KPT-E,0.8573218143760634,0.6888567664063691,SMP-6098_Normal-like
SMP-6098,Normal-like,KT,0.8602508602273657,0.685683981310794,SMP-6098_Normal-like
SMP-6098,Normal-like,Liver Metastasis,0.8570933602104458,0.6570424499106948,SMP-6098_Normal-like
SMP-6098,Normal-like,Lymph Node Metastasis,0.8789863099830701,0.6972667964010675,SMP-6098_Normal-like
SMP-6098,Normal-like,Normal Lung,0.8978001459465434,0.6742820355929742,SMP-6098_Normal-like
SMP-6098,Normal-like,Pleural DTCs,0.8605885546459289,0.6724475442311761,SMP-6098_Normal-like
SMP-6098,Normal-like,Pleural Metastasis,0.875003281503684,0.6965017855678484,SMP-6098_Normal-like
SMP-6098,Normal-like,Soft Tissue Metastasis,0.8696255500010481,0.6903940462598361,SMP-6098_Normal-like
SMP-6098,Normal-like,TMet,0.8800459839424635,0.7022958579134508,SMP-6098_Normal-like
SMP-6098,Normal-like,TnonMet,0.8730400833229751,0.6972172945573429,SMP-6098_Normal-like
SMP-6098,Pre-malignant,KPT-E,0.8572068895808307,0.5697739279553364,SMP-6098_Pre-malignant
SMP-6098,Pre-malignant,KT,0.860224294777675,0.5690916684046557,SMP-6098_Pre-malignant
SMP-6098,Pre-malignant,Liver Metastasis,0.8568278607917799,0.5461901508386632,SMP-6098_Pre-malignant
SMP-6098,Pre-malignant,Lymph Node Metastasis,0.8785117220096121,0.5794710686085282,SMP-6098_Pre-malignant
SMP-6098,Pre-malignant,Normal Lung,0.8992379008664184,0.5877527314707263,SMP-6098_Pre-malignant
SMP-6098,Pre-malignant,Pleural DTCs,0.8598553285123585,0.5542941983223807,SMP-6098_Pre-malignant
SMP-6098,Pre-malignant,Pleural Metastasis,0.8748112339368399,0.5799418822520395,SMP-6098_Pre-malignant
SMP-6098,Pre-malignant,Soft Tissue Metastasis,0.8694555952691965,0.5741051659401057,SMP-6098_Pre-malignant
SMP-6098,Pre-malignant,TMet,0.8794174071411096,0.5820584085973056,SMP-6098_Pre-malignant
SMP-6098,Pre-malignant,TnonMet,0.8725299537485959,0.5771921455199477,SMP-6098_Pre-malignant
SMP-6098,Tumor-like,KPT-E,0.859497208602777,0.520677794461295,SMP-6098_Tumor-like
SMP-6098,Tumor-like,KT,0.8604959437953293,0.5105557876430674,SMP-6098_Tumor-like
SMP-6098,Tumor-like,Liver Metastasis,0.8624742386186387,0.524062000057604,SMP-6098_Tumor-like
SMP-6098,Tumor-like,Lymph Node Metastasis,0.8820316863014759,0.5458560302461619,SMP-6098_Tumor-like
SMP-6098,Tumor-like,Normal Lung,0.8978894180039345,0.5353497912868087,SMP-6098_Tumor-like
SMP-6098,Tumor-like,Pleural DTCs,0.8638563345417951,0.5217077366860966,SMP-6098_Tumor-like
SMP-6098,Tumor-like,Pleural Metastasis,0.8791046063136599,0.5483013092292183,SMP-6098_Tumor-like
SMP-6098,Tumor-like,Soft Tissue Metastasis,0.8740270153908393,0.5429391681402906,SMP-6098_Tumor-like
SMP-6098,Tumor-like,TMet,0.881480746121072,0.5395083087050443,SMP-6098_Tumor-like
SMP-6098,Tumor-like,TnonMet,0.8741621627281174,0.5298564448317007,SMP-6098_Tumor-like
SMP-7969,Pre-malignant,KPT-E,0.8635579073894375,0.5970104529168115,SMP-7969_Pre-malignant
SMP-7969,Pre-malignant,KT,0.8656358191004083,0.5879305400978773,SMP-7969_Pre-malignant
SMP-7969,Pre-malignant,Liver Metastasis,0.86479606621217,0.6008095881017478,SMP-7969_Pre-malignant
SMP-7969,Pre-malignant,Lymph Node Metastasis,0.883476738366669,0.6054373328139531,SMP-7969_Pre-malignant
SMP-7969,Pre-malignant,Normal Lung,0.9003032780016675,0.5698334970961799,SMP-7969_Pre-malignant
SMP-7969,Pre-malignant,Pleural DTCs,0.866134414978912,0.5921508060738435,SMP-7969_Pre-malignant
SMP-7969,Pre-malignant,Pleural Metastasis,0.879188012777146,0.6011147178082782,SMP-7969_Pre-malignant
SMP-7969,Pre-malignant,Soft Tissue Metastasis,0.8751189422238277,0.6082284846695303,SMP-7969_Pre-malignant
SMP-7969,Pre-malignant,TMet,0.8827305982878295,0.5931705728323335,SMP-7969_Pre-malignant
SMP-7969,Pre-malignant,TnonMet,0.8761395518134437,0.5879010436307782,SMP-7969_Pre-malignant
SMP-7969,Normal-like,KPT-E,0.8630832157430312,0.5697188050459305,SMP-7969_Normal-like
SMP-7969,Normal-like,KT,0.8660686858051874,0.5692935945174622,SMP-7969_Normal-like
SMP-7969,Normal-like,Liver Metastasis,0.8606995657418581,0.5425681397475213,SMP-7969_Normal-like
SMP-7969,Normal-like,Lymph Node Metastasis,0.8816363230642166,0.5668721019266232,SMP-7969_Normal-like
SMP-7969,Normal-like,Normal Lung,0.9027509339322715,0.5766573882223731,SMP-7969_Normal-like
SMP-7969,Normal-like,Pleural DTCs,0.8632219535165533,0.5446287712830817,SMP-7969_Normal-like
SMP-7969,Normal-like,Pleural Metastasis,0.8773994461152952,0.5631295551243475,SMP-7969_Normal-like
SMP-7969,Normal-like,Soft Tissue Metastasis,0.872787462153757,0.5647394252059637,SMP-7969_Normal-like
SMP-7969,Normal-like,TMet,0.8818942265767256,0.56456782971485,SMP-7969_Normal-like
SMP-7969,Normal-like,TnonMet,0.8754063698129892,0.5601086022622379,SMP-7969_Normal-like
SMP-7969,Tumor-like,KPT-E,0.8640769451600492,0.52977213561522,SMP-7969_Tumor-like
SMP-7969,Tumor-like,KT,0.8653044542781388,0.5181791851254555,SMP-7969_Tumor-like
SMP-7969,Tumor-like,Liver Metastasis,0.8663484646212413,0.5400126787297197,SMP-7969_Tumor-like
SMP-7969,Tumor-like,Lymph Node Metastasis,0.8838517572313573,0.5424789553328713,SMP-7969_Tumor-like
SMP-7969,Tumor-like,Normal Lung,0.897157264022323,0.49794202555570516,SMP-7969_Tumor-like
SMP-7969,Tumor-like,Pleural DTCs,0.8674218674042267,0.5325535978660535,SMP-7969_Tumor-like
SMP-7969,Tumor-like,Pleural Metastasis,0.8797238345346059,0.5387794015129249,SMP-7969_Tumor-like
SMP-7969,Tumor-like,Soft Tissue Metastasis,0.8756767119116665,0.5423255743531491,SMP-7969_Tumor-like
SMP-7969,Tumor-like,TMet,0.8824066375296007,0.5284027203497021,SMP-7969_Tumor-like
SMP-7969,Tumor-like,TnonMet,0.8759957975303849,0.5233291126392668,SMP-7969_Tumor-like
SMP332,Pre-malignant,KPT-E,0.8793527901505831,0.5186607122191262,SMP332_Pre-malignant
SMP332,Pre-malignant,KT,0.880863925680388,0.5217983821855406,SMP332_Pre-malignant
SMP332,Pre-malignant,Liver Metastasis,0.880015161310306,0.5088669138161207,SMP332_Pre-malignant
SMP332,Pre-malignant,Lymph Node Metastasis,0.8976584863585397,0.5203079860547565,SMP332_Pre-malignant
SMP332,Pre-malignant,Normal Lung,0.9070256468356529,0.452399902042222,SMP332_Pre-malignant
SMP332,Pre-malignant,Pleural DTCs,0.8827822947570527,0.5166312078105005,SMP332_Pre-malignant
SMP332,Pre-malignant,Pleural Metastasis,0.8929996899712889,0.5078717158555769,SMP332_Pre-malignant
SMP332,Pre-malignant,Soft Tissue Metastasis,0.8901608809869486,0.51685687713304,SMP332_Pre-malignant
SMP332,Pre-malignant,TMet,0.8965928256380762,0.5129216678554716,SMP332_Pre-malignant
SMP332,Pre-malignant,TnonMet,0.8900463606863739,0.506768828325275,SMP332_Pre-malignant
SMP332,Normal-like,KPT-E,0.8765700634173776,0.6325260985167593,SMP332_Normal-like
SMP332,Normal-like,KT,0.8779159785121464,0.6338405320013163,SMP332_Normal-like
SMP332,Normal-like,Liver Metastasis,0.8768650748256599,0.6100616864575293,SMP332_Normal-like
SMP332,Normal-like,Lymph Node Metastasis,0.8959354995645799,0.6364300780649176,SMP332_Normal-like
SMP332,Normal-like,Normal Lung,0.9094951023543727,0.5897608399928441,SMP332_Normal-like
SMP332,Normal-like,Pleural DTCs,0.8787780138086165,0.6068781224463374,SMP332_Normal-like
SMP332,Normal-like,Pleural Metastasis,0.8918646687026484,0.6299840918977161,SMP332_Normal-like
SMP332,Normal-like,Soft Tissue Metastasis,0.8885023809805705,0.638574475623834,SMP332_Normal-like
SMP332,Normal-like,TMet,0.8948901447928767,0.6255801595607533,SMP332_Normal-like
SMP332,Normal-like,TnonMet,0.8877742938929762,0.6119898749167145,SMP332_Normal-like
SMP332,Tumor-like,KPT-E,0.8766244809986364,0.5355397973376299,SMP332_Tumor-like
SMP332,Tumor-like,KT,0.8779471912219858,0.5365656290279276,SMP332_Tumor-like
SMP332,Tumor-like,Liver Metastasis,0.8801237219111104,0.5575797405159624,SMP332_Tumor-like
SMP332,Tumor-like,Lymph Node Metastasis,0.8971540191029439,0.5585932578606905,SMP332_Tumor-like
SMP332,Tumor-like,Normal Lung,0.9075928063779499,0.48598135551194027,SMP332_Tumor-like
SMP332,Tumor-like,Pleural DTCs,0.8812968909183425,0.5468929972706761,SMP332_Tumor-like
SMP332,Tumor-like,Pleural Metastasis,0.8930648861574315,0.5521484051170487,SMP332_Tumor-like
SMP332,Tumor-like,Soft Tissue Metastasis,0.8901758068542949,0.5633979787515232,SMP332_Tumor-like
SMP332,Tumor-like,TMet,0.8951353344143821,0.5375818008896119,SMP332_Tumor-like
SMP332,Tumor-like,TnonMet,0.8877557199836753,0.5220204175697785,SMP332_Tumor-like
SMP3572,Pre-malignant,KPT-E,0.8633669709873194,0.6214163130887475,SMP3572_Pre-malignant
SMP3572,Pre-malignant,KT,0.8655979799659023,0.6130598804724123,SMP3572_Pre-malignant
SMP3572,Pre-malignant,Liver Metastasis,0.864023231061207,0.6226479902497377,SMP3572_Pre-malignant
SMP3572,Pre-malignant,Lymph Node Metastasis,0.88364291422535,0.6325717735944508,SMP3572_Pre-malignant
SMP3572,Pre-malignant,Normal Lung,0.9039843205933199,0.6179667789390961,SMP3572_Pre-malignant
SMP3572,Pre-malignant,Pleural DTCs,0.8657425107455297,0.6129599647880148,SMP3572_Pre-malignant
SMP3572,Pre-malignant,Pleural Metastasis,0.8795009782941206,0.6288695348242166,SMP3572_Pre-malignant
SMP3572,Pre-malignant,Soft Tissue Metastasis,0.8753419397989509,0.6375390859039166,SMP3572_Pre-malignant
SMP3572,Pre-malignant,TMet,0.8828312559798436,0.6180955553701829,SMP3572_Pre-malignant
SMP3572,Pre-malignant,TnonMet,0.8758658837571228,0.6093400084855353,SMP3572_Pre-malignant
SMP3572,Normal-like,KPT-E,0.8609315702274566,0.642657848989602,SMP3572_Normal-like
SMP3572,Normal-like,KT,0.8635030073273967,0.6375491241803645,SMP3572_Normal-like
SMP3572,Normal-like,Liver Metastasis,0.8605795629475157,0.629364652648634,SMP3572_Normal-like
SMP3572,Normal-like,Lymph Node Metastasis,0.881221589637404,0.650940261243978,SMP3572_Normal-like
SMP3572,Normal-like,Normal Lung,0.9040047493816534,0.6687371598181142,SMP3572_Normal-like
SMP3572,Normal-like,Pleural DTCs,0.862430247526197,0.6196880768189543,SMP3572_Normal-like
SMP3572,Normal-like,Pleural Metastasis,0.8772813945996212,0.6507929577801388,SMP3572_Normal-like
SMP3572,Normal-like,Soft Tissue Metastasis,0.8728022590145084,0.6569379447977552,SMP3572_Normal-like
SMP3572,Normal-like,TMet,0.8808244820811479,0.6408762692442448,SMP3572_Normal-like
SMP3572,Normal-like,TnonMet,0.8738374553211481,0.63209911526047,SMP3572_Normal-like
SMP3572,Tumor-like,KPT-E,0.8639917417315854,0.5143468008924872,SMP3572_Tumor-like
SMP3572,Tumor-like,KT,0.8664037538354682,0.5111053793241579,SMP3572_Tumor-like
SMP3572,Tumor-like,Liver Metastasis,0.8656927616354743,0.5247489547873291,SMP3572_Tumor-like
SMP3572,Tumor-like,Lymph Node Metastasis,0.8839589406974158,0.5264297122504001,SMP3572_Tumor-like
SMP3572,Tumor-like,Normal Lung,0.9063785006866403,0.547402545267716,SMP3572_Tumor-like
SMP3572,Tumor-like,Pleural DTCs,0.8664223453548447,0.5099530388318635,SMP3572_Tumor-like
SMP3572,Tumor-like,Pleural Metastasis,0.8802064380446118,0.5259737949579375,SMP3572_Tumor-like
SMP3572,Tumor-like,Soft Tissue Metastasis,0.8765616788709512,0.5349358664607156,SMP3572_Tumor-like
SMP3572,Tumor-like,TMet,0.8829131635144809,0.5141657352446247,SMP3572_Tumor-like
SMP3572,Tumor-like,TnonMet,0.8760344834023484,0.5064474928697044,SMP3572_Tumor-like
SMP480,Tumor-like,KPT-E,0.8581679733526171,0.6426217146069358,SMP480_Tumor-like
SMP480,Tumor-like,KT,0.8616319628118085,0.6416841177958632,SMP480_Tumor-like
SMP480,Tumor-like,Liver Metastasis,0.861268454978183,0.6592630657741132,SMP480_Tumor-like
SMP480,Tumor-like,Lymph Node Metastasis,0.8817285114102331,0.6779327258616247,SMP480_Tumor-like
SMP480,Tumor-like,Normal Lung,0.8993623699613524,0.63332154241529,SMP480_Tumor-like
SMP480,Tumor-like,Pleural DTCs,0.8633397020477073,0.653726165704067,SMP480_Tumor-like
SMP480,Tumor-like,Pleural Metastasis,0.8775461666623872,0.676549140406442,SMP480_Tumor-like
SMP480,Tumor-like,Soft Tissue Metastasis,0.8737592550352706,0.6863608230144365,SMP480_Tumor-like
SMP480,Tumor-like,TMet,0.8805928565372174,0.6588156939195444,SMP480_Tumor-like
SMP480,Tumor-like,TnonMet,0.8720770873826031,0.6376033615034116,SMP480_Tumor-like
SMP480,Normal-like,KPT-E,0.8571300138650376,0.6580053883691164,SMP480_Normal-like
SMP480,Normal-like,KT,0.8605287270331388,0.6558027322641186,SMP480_Normal-like
SMP480,Normal-like,Liver Metastasis,0.8589007112979614,0.657710803530458,SMP480_Normal-like
SMP480,Normal-like,Lymph Node Metastasis,0.8800710799321321,0.6846779645819869,SMP480_Normal-like
SMP480,Normal-like,Normal Lung,0.8993434438132965,0.6589992240399963,SMP480_Normal-like
SMP480,Normal-like,Pleural DTCs,0.8608496781670707,0.6498015531730794,SMP480_Normal-like
SMP480,Normal-like,Pleural Metastasis,0.8759964019508051,0.6852845169364359,SMP480_Normal-like
SMP480,Normal-like,Soft Tissue Metastasis,0.8720536594514077,0.6941521599164362,SMP480_Normal-like
SMP480,Normal-like,TMet,0.8793102603451944,0.6696265291612211,SMP480_Normal-like
SMP480,Normal-like,TnonMet,0.8709728757188591,0.6503573609470368,SMP480_Normal-like
SMP480,Pre-malignant,KPT-E,0.8590946958702191,0.5995950748323774,SMP480_Pre-malignant
SMP480,Pre-malignant,KT,0.8629035714131597,0.6030975173456281,SMP480_Pre-malignant
SMP480,Pre-malignant,Liver Metastasis,0.8603553530122072,0.5940891380402646,SMP480_Pre-malignant
SMP480,Pre-malignant,Lymph Node Metastasis,0.8814511409728241,0.6196202069266492,SMP480_Pre-malignant
SMP480,Pre-malignant,Normal Lung,0.8988260058505255,0.5800783178589648,SMP480_Pre-malignant
SMP480,Pre-malignant,Pleural DTCs,0.8634157431634806,0.6004580500744422,SMP480_Pre-malignant
SMP480,Pre-malignant,Pleural Metastasis,0.8769380143034956,0.6140880995277841,SMP480_Pre-malignant
SMP480,Pre-malignant,Soft Tissue Metastasis,0.8731984868321377,0.6227688262116393,SMP480_Pre-malignant
SMP480,Pre-malignant,TMet,0.8806896498087646,0.6072780000708567,SMP480_Pre-malignant
SMP480,Pre-malignant,TnonMet,0.8724719465916584,0.591177945958757,SMP480_Pre-malignant
