feature,comparison,group1,group2,n_group1,n_group2,median_group1,median_group2,U_statistic,p_value,p_value_fdr
ADIPOGENESIS,0_vs_1,Non-Cancer,Early,810705,334214,0.21693245000469,0.1084050813927708,193801486681.5,0.0,0.0
ADIPOGENESIS,0_vs_2,Non-Cancer,Advanced,810705,226725,0.21693245000469,0.09813611302509845,138449998462.0,0.0,0.0
ADIPOGENESIS,1_vs_2,Early,Advanced,334214,226725,0.1084050813927708,0.09813611302509845,40494702750.0,0.0,0.0
ALLOGRAFT_REJECTION,0_vs_1,Non-Cancer,Early,810705,334214,0.182920162267042,0.2833611765960373,114116750715.0,0.0,0.0
ALLOGRAFT_REJECTION,0_vs_2,Non-Cancer,Advanced,810705,226725,0.182920162267042,0.22062205772338966,77068969280.0,0.0,0.0
ALLOGRAFT_REJECTION,1_vs_2,Early,Advanced,334214,226725,0.2833611765960373,0.22062205772338966,39465963536.5,5.030828120783013e-155,6.036993744939616e-155
ANDROGEN_RESPONSE,0_vs_1,Non-Cancer,Early,810705,334214,0.1962311325527027,0.1193614077465157,197857251650.5,0.0,0.0
ANDROGEN_RESPONSE,0_vs_2,Non-Cancer,Advanced,810705,226725,0.1962311325527027,0.13178749576995136,127160165694.0,0.0,0.0
ANDROGEN_RESPONSE,1_vs_2,Early,Advanced,334214,226725,0.1193614077465157,0.13178749576995136,34092535419.5,0.0,0.0
ANGIOGENESIS,0_vs_1,Non-Cancer,Early,810705,334214,0.07048300620837089,0.04177325181471996,155731233950.5,0.0,0.0
ANGIOGENESIS,0_vs_2,Non-Cancer,Advanced,810705,226725,0.07048300620837089,0.06564451596675776,90314977067.5,2.0613402781835318e-36,2.2645710098354293e-36
ANGIOGENESIS,1_vs_2,Early,Advanced,334214,226725,0.04177325181471996,0.06564451596675776,32021650411.5,0.0,0.0
APICAL_JUNCTION,0_vs_1,Non-Cancer,Early,810705,334214,0.10081852362911485,0.0747424343799023,172339097640.5,0.0,0.0
APICAL_JUNCTION,0_vs_2,Non-Cancer,Advanced,810705,226725,0.10081852362911485,0.07398033666450526,116049597503.5,0.0,0.0
APICAL_JUNCTION,1_vs_2,Early,Advanced,334214,226725,0.0747424343799023,0.07398033666450526,37771875570.5,0.052381606058164915,0.053408696373030896
APICAL_SURFACE,0_vs_1,Non-Cancer,Early,810705,334214,0.011295211566209634,0.0013671341336455312,144963708532.0,0.0,0.0
APICAL_SURFACE,0_vs_2,Non-Cancer,Advanced,810705,226725,0.011295211566209634,0.008984290788435198,94413982685.0,3.019512005149997e-88,3.388804840312227e-88
APICAL_SURFACE,1_vs_2,Early,Advanced,334214,226725,0.0013671341336455312,0.008984290788435198,36410803359.0,7.13040728087221e-136,8.239581746785666e-136
APOPTOSIS,0_vs_1,Non-Cancer,Early,810705,334214,0.24920333463538824,0.16365508214388236,190602001407.0,0.0,0.0
APOPTOSIS,0_vs_2,Non-Cancer,Advanced,810705,226725,0.24920333463538824,0.15773500207486138,130526827099.0,0.0,0.0
APOPTOSIS,1_vs_2,Early,Advanced,334214,226725,0.16365508214388236,0.15773500207486138,37881717958.5,0.924813317704947,0.924813317704947
BILE_ACID_METABOLISM,0_vs_1,Non-Cancer,Early,810705,334214,0.046304257627219486,0.013181077651341066,180691913468.0,0.0,0.0
BILE_ACID_METABOLISM,0_vs_2,Non-Cancer,Advanced,810705,226725,0.046304257627219486,0.008550628467716245,126996784416.0,0.0,0.0
BILE_ACID_METABOLISM,1_vs_2,Early,Advanced,334214,226725,0.013181077651341066,0.008550628467716245,40028952255.5,1.475750737371286e-283,1.9676676498283814e-283
CHOLESTEROL_HOMEOSTASIS,0_vs_1,Non-Cancer,Early,810705,334214,0.19638831601910717,0.08255207918190073,191747428692.5,0.0,0.0
CHOLESTEROL_HOMEOSTASIS,0_vs_2,Non-Cancer,Advanced,810705,226725,0.19638831601910717,0.07708989671217213,135752367338.0,0.0,0.0
CHOLESTEROL_HOMEOSTASIS,1_vs_2,Early,Advanced,334214,226725,0.08255207918190073,0.07708989671217213,39645459429.5,8.658269555219164e-192,1.0805520404913517e-191
COAGULATION,0_vs_1,Non-Cancer,Early,810705,334214,0.1331121585912636,0.04696760832939371,181536283539.5,0.0,0.0
COAGULATION,0_vs_2,Non-Cancer,Advanced,810705,226725,0.1331121585912636,0.07342833552139917,121623371746.0,0.0,0.0
COAGULATION,1_vs_2,Early,Advanced,334214,226725,0.04696760832939371,0.07342833552139917,35825409630.0,5.2734057972421296e-263,6.913036171174556e-263
COMPLEMENT,0_vs_1,Non-Cancer,Early,810705,334214,0.17523636593920397,0.12170375076711713,170900922626.0,0.0,0.0
COMPLEMENT,0_vs_2,Non-Cancer,Advanced,810705,226725,0.17523636593920397,0.1330595128186904,114454191360.0,0.0,0.0
COMPLEMENT,1_vs_2,Early,Advanced,334214,226725,0.12170375076711713,0.1330595128186904,35160028747.5,0.0,0.0
DNA_REPAIR,0_vs_1,Non-Cancer,Early,810705,334214,0.1276059188499107,0.0798830967121296,169620542927.0,0.0,0.0
DNA_REPAIR,0_vs_2,Non-Cancer,Advanced,810705,226725,0.1276059188499107,0.06336720269005579,120924323247.5,0.0,0.0
DNA_REPAIR,1_vs_2,Early,Advanced,334214,226725,0.0798830967121296,0.06336720269005579,40637531021.5,0.0,0.0
E2F_TARGETS,0_vs_1,Non-Cancer,Early,810705,334214,0.02667856114022682,0.017141924416458842,146776631722.0,0.0,0.0
E2F_TARGETS,0_vs_2,Non-Cancer,Advanced,810705,226725,0.02667856114022682,0.02025905692337343,95745177410.5,5.566048553451661e-204,7.059378653158204e-204
E2F_TARGETS,1_vs_2,Early,Advanced,334214,226725,0.017141924416458842,0.02025905692337343,36388130635.0,5.133313086610098e-140,6.021028883542671e-140
EPITHELIAL_MESENCHYMAL_TRANSITION,0_vs_1,Non-Cancer,Early,810705,334214,0.051842684951914145,0.03885625336287002,146917427819.0,0.0,0.0
EPITHELIAL_MESENCHYMAL_TRANSITION,0_vs_2,Non-Cancer,Advanced,810705,226725,0.051842684951914145,0.05464120683477661,89308340188.5,3.559268693735656e-94,4.052889899436221e-94
EPITHELIAL_MESENCHYMAL_TRANSITION,1_vs_2,Early,Advanced,334214,226725,0.03885625336287002,0.05464120683477661,33317830612.0,0.0,0.0
ESTROGEN_RESPONSE_EARLY,0_vs_1,Non-Cancer,Early,810705,334214,0.048642096070925844,-0.0007675508686844079,194670620787.5,0.0,0.0
ESTROGEN_RESPONSE_EARLY,0_vs_2,Non-Cancer,Advanced,810705,226725,0.048642096070925844,0.0034760520979223025,127529099608.5,0.0,0.0
ESTROGEN_RESPONSE_EARLY,1_vs_2,Early,Advanced,334214,226725,-0.0007675508686844079,0.0034760520979223025,35881885829.0,6.553386847195405e-249,8.448994612913084e-249
ESTROGEN_RESPONSE_LATE,0_vs_1,Non-Cancer,Early,810705,334214,0.09709201126725572,0.040699710725381616,203370932157.0,0.0,0.0
ESTROGEN_RESPONSE_LATE,0_vs_2,Non-Cancer,Advanced,810705,226725,0.09709201126725572,0.03959321764718114,135574558514.0,0.0,0.0
ESTROGEN_RESPONSE_LATE,1_vs_2,Early,Advanced,334214,226725,0.040699710725381616,0.03959321764718114,37462669829.0,9.652595187689104e-13,9.972217544897353e-13
FATTY_ACID_METABOLISM,0_vs_1,Non-Cancer,Early,810705,334214,0.20706420940384052,0.11059685178980348,195155715126.5,0.0,0.0
FATTY_ACID_METABOLISM,0_vs_2,Non-Cancer,Advanced,810705,226725,0.20706420940384052,0.09956068239649792,136822792385.0,0.0,0.0
FATTY_ACID_METABOLISM,1_vs_2,Early,Advanced,334214,226725,0.11059685178980348,0.09956068239649792,40662183736.5,0.0,0.0
G2M_CHECKPOINT,0_vs_1,Non-Cancer,Early,810705,334214,0.061054997950117956,0.03747986335808688,166803733615.5,0.0,0.0
G2M_CHECKPOINT,0_vs_2,Non-Cancer,Advanced,810705,226725,0.061054997950117956,0.04337429300153599,106629895452.5,0.0,0.0
G2M_CHECKPOINT,1_vs_2,Early,Advanced,334214,226725,0.03747986335808688,0.04337429300153599,35507307953.5,0.0,0.0
GLYCOLYSIS,0_vs_1,Non-Cancer,Early,810705,334214,0.12422242264428929,0.06414308064522087,191197453696.5,0.0,0.0
GLYCOLYSIS,0_vs_2,Non-Cancer,Advanced,810705,226725,0.12422242264428929,0.07176840925276805,121004209086.0,0.0,0.0
GLYCOLYSIS,1_vs_2,Early,Advanced,334214,226725,0.06414308064522087,0.07176840925276805,34434907626.0,0.0,0.0
HEDGEHOG_SIGNALING,0_vs_1,Non-Cancer,Early,810705,334214,-0.02105269067994342,-0.04005684572107652,151814704523.5,0.0,0.0
HEDGEHOG_SIGNALING,0_vs_2,Non-Cancer,Advanced,810705,226725,-0.02105269067994342,-0.0364540796937223,97323354957.5,0.0,0.0
HEDGEHOG_SIGNALING,1_vs_2,Early,Advanced,334214,226725,-0.04005684572107652,-0.0364540796937223,35560723764.0,0.0,0.0
HEME_METABOLISM,0_vs_1,Non-Cancer,Early,810705,334214,0.12163522382426438,0.06338157931152133,195724523557.5,0.0,0.0
HEME_METABOLISM,0_vs_2,Non-Cancer,Advanced,810705,226725,0.12163522382426438,0.060306276459878974,133845747165.5,0.0,0.0
HEME_METABOLISM,1_vs_2,Early,Advanced,334214,226725,0.06338157931152133,0.060306276459878974,38667934965.0,2.6688089875275977e-39,2.952724837264576e-39
HYPOXIA,0_vs_1,Non-Cancer,Early,810705,334214,0.21858487227901002,0.16130419923158373,181670637283.5,0.0,0.0
HYPOXIA,0_vs_2,Non-Cancer,Advanced,810705,226725,0.21858487227901002,0.15112702024723174,122352809031.5,0.0,0.0
HYPOXIA,1_vs_2,Early,Advanced,334214,226725,0.16130419923158373,0.15112702024723174,37813785530.5,0.21653372462408804,0.21934585091790737
IL2_STAT5_SIGNALING,0_vs_1,Non-Cancer,Early,810705,334214,0.09821405546951611,0.06727208837778975,165254354212.5,0.0,0.0
IL2_STAT5_SIGNALING,0_vs_2,Non-Cancer,Advanced,810705,226725,0.09821405546951611,0.058237929240917974,118304409427.5,0.0,0.0
IL2_STAT5_SIGNALING,1_vs_2,Early,Advanced,334214,226725,0.06727208837778975,0.058237929240917974,40806368632.5,0.0,0.0
IL6_JAK_STAT3_SIGNALING,0_vs_1,Non-Cancer,Early,810705,334214,0.09629458256632752,0.06667324722251458,156325336702.5,0.0,0.0
IL6_JAK_STAT3_SIGNALING,0_vs_2,Non-Cancer,Advanced,810705,226725,0.09629458256632752,0.06159175690425253,108494563273.0,0.0,0.0
IL6_JAK_STAT3_SIGNALING,1_vs_2,Early,Advanced,334214,226725,0.06667324722251458,0.06159175690425253,39117066051.0,7.552224169983327e-95,8.662845371451464e-95
INFLAMMATORY_RESPONSE,0_vs_1,Non-Cancer,Early,810705,334214,0.09551803225562686,0.07497016770499093,154703683709.5,0.0,0.0
INFLAMMATORY_RESPONSE,0_vs_2,Non-Cancer,Advanced,810705,226725,0.09551803225562686,0.07256052743820916,104202381778.5,0.0,0.0
INFLAMMATORY_RESPONSE,1_vs_2,Early,Advanced,334214,226725,0.07497016770499093,0.07256052743820916,37225062879.5,9.194701945272247e-29,9.757642880697078e-29
INTERFERON_ALPHA_RESPONSE,0_vs_1,Non-Cancer,Early,810705,334214,0.1424197546374466,0.17525368909839206,120361059613.5,0.0,0.0
INTERFERON_ALPHA_RESPONSE,0_vs_2,Non-Cancer,Advanced,810705,226725,0.1424197546374466,0.18794955199377186,71840093998.5,0.0,0.0
INTERFERON_ALPHA_RESPONSE,1_vs_2,Early,Advanced,334214,226725,0.17525368909839206,0.18794955199377186,34571773733.5,0.0,0.0
INTERFERON_GAMMA_RESPONSE,0_vs_1,Non-Cancer,Early,810705,334214,0.16525411458033035,0.1825732947627557,129429234557.0,2.254093677053916e-309,3.031367358796647e-309
INTERFERON_GAMMA_RESPONSE,0_vs_2,Non-Cancer,Advanced,810705,226725,0.16525411458033035,0.18687390858836717,78753061681.5,0.0,0.0
INTERFERON_GAMMA_RESPONSE,1_vs_2,Early,Advanced,334214,226725,0.1825732947627557,0.18687390858836717,34944713601.5,0.0,0.0
KRAS_SIGNALING_DN,0_vs_1,Non-Cancer,Early,810705,334214,-0.024372990183110968,-0.023539863255379073,131388127604.0,1.7087578333002774e-142,2.0194410757185098e-142
KRAS_SIGNALING_DN,0_vs_2,Non-Cancer,Advanced,810705,226725,-0.024372990183110968,-0.02429031305438046,92871707843.5,1.5871962250423323e-14,1.6506840740440255e-14
KRAS_SIGNALING_DN,1_vs_2,Early,Advanced,334214,226725,-0.023539863255379073,-0.02429031305438046,39480629328.5,7.011427590068492e-158,8.478935690315385e-158
KRAS_SIGNALING_UP,0_vs_1,Non-Cancer,Early,810705,334214,0.07289148723437139,0.056723773537366934,151481489617.0,0.0,0.0
KRAS_SIGNALING_UP,0_vs_2,Non-Cancer,Advanced,810705,226725,0.07289148723437139,0.056975423617498924,102788313761.0,0.0,0.0
KRAS_SIGNALING_UP,1_vs_2,Early,Advanced,334214,226725,0.056723773537366934,0.056975423617498924,37631467977.0,1.7144376841576028e-05,1.7595544653196452e-05
MITOTIC_SPINDLE,0_vs_1,Non-Cancer,Early,810705,334214,0.04609935875189142,0.021736999923047146,166553684984.5,0.0,0.0
MITOTIC_SPINDLE,0_vs_2,Non-Cancer,Advanced,810705,226725,0.04609935875189142,0.023296505916911597,111677456541.0,0.0,0.0
MITOTIC_SPINDLE,1_vs_2,Early,Advanced,334214,226725,0.021736999923047146,0.023296505916911597,37152325694.5,4.87799691929337e-35,5.321451184683677e-35
MTORC1_SIGNALING,0_vs_1,Non-Cancer,Early,810705,334214,0.22091666443321534,0.14584068822684765,183407409141.0,0.0,0.0
MTORC1_SIGNALING,0_vs_2,Non-Cancer,Advanced,810705,226725,0.22091666443321534,0.1443916004786192,122327870060.0,0.0,0.0
MTORC1_SIGNALING,1_vs_2,Early,Advanced,334214,226725,0.14584068822684765,0.1443916004786192,36353091815.5,1.5289635819598544e-146,1.820750525081964e-146
MYC_TARGETS_V1,0_vs_1,Non-Cancer,Early,810705,334214,0.45121757135158636,0.4173309898376465,157317119871.5,0.0,0.0
MYC_TARGETS_V1,0_vs_2,Non-Cancer,Advanced,810705,226725,0.45121757135158636,0.3906665460850165,111235805813.5,0.0,0.0
MYC_TARGETS_V1,1_vs_2,Early,Advanced,334214,226725,0.4173309898376465,0.3906665460850165,39107484411.5,2.0917977868555604e-93,2.364640976445416e-93
MYC_TARGETS_V2,0_vs_1,Non-Cancer,Early,810705,334214,0.017277687439962344,0.00993972648097076,139923365956.5,1.5999461374774164e-168,1.9499343550506012e-168
MYC_TARGETS_V2,0_vs_2,Non-Cancer,Advanced,810705,226725,0.017277687439962344,0.010992093534708869,92959641822.5,5.3896166848627984e-17,5.642820153279171e-17
MYC_TARGETS_V2,1_vs_2,Early,Advanced,334214,226725,0.00993972648097076,0.010992093534708869,37192490786.5,1.7102877340767537e-31,1.8400337001101624e-31
MYOGENESIS,0_vs_1,Non-Cancer,Early,810705,334214,0.051916534983805024,0.017878058247018977,186845928516.5,0.0,0.0
MYOGENESIS,0_vs_2,Non-Cancer,Advanced,810705,226725,0.051916534983805024,0.021770365134960903,123008941035.0,0.0,0.0
MYOGENESIS,1_vs_2,Early,Advanced,334214,226725,0.017878058247018977,0.021770365134960903,35970365819.0,1.294859148022802e-227,1.6557215335373533e-227
NOTCH_SIGNALING,0_vs_1,Non-Cancer,Early,810705,334214,0.056277054727376014,0.01952072065043728,161877148804.0,0.0,0.0
NOTCH_SIGNALING,0_vs_2,Non-Cancer,Advanced,810705,226725,0.056277054727376014,0.012523034777187553,114197307936.5,0.0,0.0
NOTCH_SIGNALING,1_vs_2,Early,Advanced,334214,226725,0.01952072065043728,0.012523034777187553,39968141014.0,8.371663532075354e-268,1.1067622974608097e-267
OXIDATIVE_PHOSPHORYLATION,0_vs_1,Non-Cancer,Early,810705,334214,0.39278096035794097,0.2636671339498984,178225907708.5,0.0,0.0
OXIDATIVE_PHOSPHORYLATION,0_vs_2,Non-Cancer,Advanced,810705,226725,0.39278096035794097,0.22352098001016152,129490144150.5,0.0,0.0
OXIDATIVE_PHOSPHORYLATION,1_vs_2,Early,Advanced,334214,226725,0.2636671339498984,0.22352098001016152,41225480795.0,0.0,0.0
P53_PATHWAY,0_vs_1,Non-Cancer,Early,810705,334214,0.210082034710391,0.16552342748494342,177766754529.5,0.0,0.0
P53_PATHWAY,0_vs_2,Non-Cancer,Advanced,810705,226725,0.210082034710391,0.1449509344898141,129399962671.5,0.0,0.0
P53_PATHWAY,1_vs_2,Early,Advanced,334214,226725,0.16552342748494342,0.1449509344898141,41181519444.5,0.0,0.0
PANCREAS_BETA_CELLS,0_vs_1,Non-Cancer,Early,810705,334214,0.0687084813861142,0.061184152981035946,146129890861.5,0.0,0.0
PANCREAS_BETA_CELLS,0_vs_2,Non-Cancer,Advanced,810705,226725,0.0687084813861142,0.05093213866835781,107187369659.5,0.0,0.0
PANCREAS_BETA_CELLS,1_vs_2,Early,Advanced,334214,226725,0.061184152981035946,0.05093213866835781,41309284525.5,0.0,0.0
PEROXISOME,0_vs_1,Non-Cancer,Early,810705,334214,0.1574554624233391,0.08441538639496458,190016705288.5,0.0,0.0
PEROXISOME,0_vs_2,Non-Cancer,Advanced,810705,226725,0.1574554624233391,0.07136408347556482,135680978962.0,0.0,0.0
PEROXISOME,1_vs_2,Early,Advanced,334214,226725,0.08441538639496458,0.07136408347556482,41710942343.0,0.0,0.0
PI3K_AKT_MTOR_SIGNALING,0_vs_1,Non-Cancer,Early,810705,334214,0.21562888066571456,0.17585916973295668,164200047222.5,0.0,0.0
PI3K_AKT_MTOR_SIGNALING,0_vs_2,Non-Cancer,Advanced,810705,226725,0.21562888066571456,0.16847663009375857,114059890457.5,0.0,0.0
PI3K_AKT_MTOR_SIGNALING,1_vs_2,Early,Advanced,334214,226725,0.17585916973295668,0.16847663009375857,38880765507.0,1.4989448312553554e-62,1.670252811970253e-62
PROTEIN_SECRETION,0_vs_1,Non-Cancer,Early,810705,334214,0.17801353911693338,0.09271857815187079,186856796820.5,0.0,0.0
PROTEIN_SECRETION,0_vs_2,Non-Cancer,Advanced,810705,226725,0.17801353911693338,0.10953368711866232,120182133519.5,0.0,0.0
PROTEIN_SECRETION,1_vs_2,Early,Advanced,334214,226725,0.09271857815187079,0.10953368711866232,34384062537.0,0.0,0.0
REACTIVE_OXYGEN_SPECIES_PATHWAY,0_vs_1,Non-Cancer,Early,810705,334214,0.3744738036854989,0.25201623746121404,179362861563.0,0.0,0.0
REACTIVE_OXYGEN_SPECIES_PATHWAY,0_vs_2,Non-Cancer,Advanced,810705,226725,0.3744738036854989,0.22449253714951536,129724483104.0,0.0,0.0
REACTIVE_OXYGEN_SPECIES_PATHWAY,1_vs_2,Early,Advanced,334214,226725,0.25201623746121404,0.22449253714951536,40751745673.5,0.0,0.0
REACTOME_CELL_CYCLE,0_vs_1,Non-Cancer,Early,810705,334214,0.14783155500756837,0.1181530413946391,176406680735.0,0.0,0.0
REACTOME_CELL_CYCLE,0_vs_2,Non-Cancer,Advanced,810705,226725,0.14783155500756837,0.11208218464881914,121703948421.5,0.0,0.0
REACTOME_CELL_CYCLE,1_vs_2,Early,Advanced,334214,226725,0.1181530413946391,0.11208218464881914,39364655571.5,5.127019846860609e-136,5.9687693739571265e-136
REACTOME_SIGNALING_BY_EGFR_IN_CANCER,0_vs_1,Non-Cancer,Early,810705,334214,0.41204713091343825,0.4283853900504256,135424645943.5,0.7566002311927456,0.7614815230068923
REACTOME_SIGNALING_BY_EGFR_IN_CANCER,0_vs_2,Non-Cancer,Advanced,810705,226725,0.41204713091343825,0.39090516191685126,102308986408.0,0.0,0.0
REACTOME_SIGNALING_BY_EGFR_IN_CANCER,1_vs_2,Early,Advanced,334214,226725,0.4283853900504256,0.39090516191685126,41643131970.0,0.0,0.0
SPERMATOGENESIS,0_vs_1,Non-Cancer,Early,810705,334214,-0.004427723163253655,-0.016462106454082873,162159904268.5,0.0,0.0
SPERMATOGENESIS,0_vs_2,Non-Cancer,Advanced,810705,226725,-0.004427723163253655,-0.01373227258010791,106182600364.5,0.0,0.0
SPERMATOGENESIS,1_vs_2,Early,Advanced,334214,226725,-0.016462106454082873,-0.01373227258010791,36207882209.0,3.4413467090794103e-175,4.2607149731459366e-175
TGF_BETA_SIGNALING,0_vs_1,Non-Cancer,Early,810705,334214,0.15144242456051166,0.10615879864147136,162843540842.5,0.0,0.0
TGF_BETA_SIGNALING,0_vs_2,Non-Cancer,Advanced,810705,226725,0.15144242456051166,0.09308826694254099,115108926666.5,0.0,0.0
TGF_BETA_SIGNALING,1_vs_2,Early,Advanced,334214,226725,0.10615879864147136,0.09308826694254099,40180471600.5,0.0,0.0
TNFA_SIGNALING_VIA_NFKB,0_vs_1,Non-Cancer,Early,810705,334214,0.2073871524408873,0.14570487674635574,162547448977.5,0.0,0.0
TNFA_SIGNALING_VIA_NFKB,0_vs_2,Non-Cancer,Advanced,810705,226725,0.2073871524408873,0.11311066823173141,114929311952.5,0.0,0.0
TNFA_SIGNALING_VIA_NFKB,1_vs_2,Early,Advanced,334214,226725,0.14570487674635574,0.11311066823173141,39673854927.0,5.75481127356038e-198,7.23992386028564e-198
UNFOLDED_PROTEIN_RESPONSE,0_vs_1,Non-Cancer,Early,810705,334214,0.21023311852777385,0.15672391305389613,173691691941.0,0.0,0.0
UNFOLDED_PROTEIN_RESPONSE,0_vs_2,Non-Cancer,Advanced,810705,226725,0.21023311852777385,0.15706737786406316,113844314957.0,0.0,0.0
UNFOLDED_PROTEIN_RESPONSE,1_vs_2,Early,Advanced,334214,226725,0.15672391305389613,0.15706737786406316,36208031285.5,3.693711338520991e-175,4.5371572347186974e-175
UV_RESPONSE_DN,0_vs_1,Non-Cancer,Early,810705,334214,0.04606182504672032,0.005737610564825593,176537269835.0,0.0,0.0
UV_RESPONSE_DN,0_vs_2,Non-Cancer,Advanced,810705,226725,0.04606182504672032,0.013791457941783727,115284551568.0,0.0,0.0
UV_RESPONSE_DN,1_vs_2,Early,Advanced,334214,226725,0.005737610564825593,0.013791457941783727,35851209082.5,1.6186772040025175e-256,2.1042803652032727e-256
UV_RESPONSE_UP,0_vs_1,Non-Cancer,Early,810705,334214,0.2089331649392832,0.13819404403758526,183688945605.0,0.0,0.0
UV_RESPONSE_UP,0_vs_2,Non-Cancer,Advanced,810705,226725,0.2089331649392832,0.12630006145711303,127135246107.0,0.0,0.0
UV_RESPONSE_UP,1_vs_2,Early,Advanced,334214,226725,0.13819404403758526,0.12630006145711303,38591198620.5,2.8449870723516366e-32,3.0820693283809394e-32
WNT_BETA_CATENIN_SIGNALING,0_vs_1,Non-Cancer,Early,810705,334214,-0.030641089692668967,-0.03905323207778419,143393217510.5,0.0,0.0
WNT_BETA_CATENIN_SIGNALING,0_vs_2,Non-Cancer,Advanced,810705,226725,-0.030641089692668967,-0.043800635625852034,98463926078.5,0.0,0.0
WNT_BETA_CATENIN_SIGNALING,1_vs_2,Early,Advanced,334214,226725,-0.03905323207778419,-0.043800635625852034,38473201898.0,7.279092185057118e-23,7.672556627492638e-23
XENOBIOTIC_METABOLISM,0_vs_1,Non-Cancer,Early,810705,334214,0.13901797739398974,0.04869927881653406,200577734295.5,0.0,0.0
XENOBIOTIC_METABOLISM,0_vs_2,Non-Cancer,Advanced,810705,226725,0.13901797739398974,0.051208073401110624,138362569596.0,0.0,0.0
XENOBIOTIC_METABOLISM,1_vs_2,Early,Advanced,334214,226725,0.04869927881653406,0.051208073401110624,37193396194.5,2.0450930700612157e-31,2.185167937873628e-31
