sample_name,disease_status,gene_set,anchor_gene,target_gene,correlation,pearson_pvalue,n_spots
P24T2,cancer,Set_1,MIF,CD74,0.055390775,0.0010600355296943615,3491
P24T2,cancer,Set_1,MIF,CXCR4,-0.04329724,0.010512865753187469,3491
P24T2,cancer,Set_2,MIF,CD74,0.055390775,0.0010600355296943615,3491
P24T2,cancer,Set_2,MIF,CD44,0.053701825,0.0015029694868534157,3491
P24T2,cancer,Set_3,ANXA1,FPR1,-0.007834846,0.6435358773730602,3491
P24T2,cancer,Set_4,PPIA,BSG,0.23797089,3.843497587370895e-46,3491
P24T2,cancer,Set_5,FN1,CD44,0.12454491,1.5264808697849185e-13,3491
P24T2,cancer,Set_6,FN1,ITGA3,-0.115946904,6.356639774289881e-12,3491
P24T2,cancer,Set_7,COL1A2,ITGA3,-0.1800068,8.244050953673564e-27,3491
P24T2,cancer,Set_8,APP,CD74,0.09033516,8.969766568792554e-08,3491
P24T2,cancer,Set_9,LAMC1,ITGA3,0.026973275,0.11106451398803567,3491
P24T2,cancer,Set_10,CD6,ALCAM,-0.004987367,0.7683198555114438,3491
P15B1,non-cancer,Set_1,MIF,CD74,0.011392063,0.5436638632092361,2844
P15B1,non-cancer,Set_1,MIF,CXCR4,0.0055076797,0.7690688721907099,2844
P15B1,non-cancer,Set_2,MIF,CD74,0.011392063,0.5436638632092361,2844
P15B1,non-cancer,Set_2,MIF,CD44,0.058288287,0.0018724998405243761,2844
P15B1,non-cancer,Set_3,ANXA1,FPR1,0.036815338,0.04963064584452642,2844
P15B1,non-cancer,Set_4,PPIA,BSG,0.122025385,6.618232026003186e-11,2844
P15B1,non-cancer,Set_5,FN1,CD44,0.14447272,9.796488521135593e-15,2844
P15B1,non-cancer,Set_6,FN1,ITGA3,0.1016517,5.550947044261803e-08,2844
P15B1,non-cancer,Set_7,COL1A2,ITGA3,0.045686625,0.014824805378588725,2844
P15B1,non-cancer,Set_8,APP,CD74,0.028699134,0.12598128624483482,2844
P15B1,non-cancer,Set_9,LAMC1,ITGA3,-0.0028259018,0.8802620410475237,2844
P15B1,non-cancer,Set_10,CD6,ALCAM,0.025841093,0.1682934105978505,2844
P10T1,cancer,Set_1,MIF,CD74,0.18414825,3.121033308726958e-18,2200
P10T1,cancer,Set_1,MIF,CXCR4,0.01759094,0.40955152588630706,2200
P10T1,cancer,Set_2,MIF,CD74,0.18414825,3.121033308726958e-18,2200
P10T1,cancer,Set_2,MIF,CD44,0.12751675,1.9468128356282963e-09,2200
P10T1,cancer,Set_3,ANXA1,FPR1,0.0031590853,0.882271432056238,2200
P10T1,cancer,Set_4,PPIA,BSG,0.20859808,4.715758722848993e-23,2200
P10T1,cancer,Set_5,FN1,CD44,-0.0298544,0.1615697261914797,2200
P10T1,cancer,Set_6,FN1,ITGA3,-0.07139881,0.0008044029380464703,2200
P10T1,cancer,Set_7,COL1A2,ITGA3,-0.15005636,1.5014371310746511e-12,2200
P10T1,cancer,Set_8,APP,CD74,0.22469056,1.4116957437243978e-26,2200
P10T1,cancer,Set_9,LAMC1,ITGA3,0.02778335,0.19268901335065458,2200
P10T1,cancer,Set_10,CD6,ALCAM,-0.040833935,0.05549358703454555,2200
P11T2,cancer,Set_1,MIF,CD74,0.11773723,5.1803727111886385e-05,1176
P11T2,cancer,Set_1,MIF,CXCR4,-0.14588135,5.053540557314332e-07,1176
P11T2,cancer,Set_2,MIF,CD74,0.11773723,5.1803727111886385e-05,1176
P11T2,cancer,Set_2,MIF,CD44,0.120654,3.3490474611873605e-05,1176
P11T2,cancer,Set_3,ANXA1,FPR1,0.03277462,0.2614197475858787,1176
P11T2,cancer,Set_4,PPIA,BSG,0.18097247,4.074480527323288e-10,1176
P11T2,cancer,Set_5,FN1,CD44,0.054303914,0.06265530737998261,1176
P11T2,cancer,Set_6,FN1,ITGA3,-0.006532238,0.8229337370514397,1176
P11T2,cancer,Set_7,COL1A2,ITGA3,-0.07350667,0.011686079071926442,1176
P11T2,cancer,Set_8,APP,CD74,0.069432676,0.017247580289291253,1176
P11T2,cancer,Set_9,LAMC1,ITGA3,0.05762416,0.0481958628819804,1176
P11T2,cancer,Set_10,CD6,ALCAM,0.07009187,0.01621448666331931,1176
P17T2,cancer,Set_1,MIF,CD74,-0.34003925,7.854839022803592e-81,2953
P17T2,cancer,Set_1,MIF,CXCR4,-0.2353604,1.8826483762982557e-38,2953
P17T2,cancer,Set_2,MIF,CD74,-0.34003925,7.854839022803592e-81,2953
P17T2,cancer,Set_2,MIF,CD44,0.27626073,7.0937329640225815e-53,2953
P17T2,cancer,Set_3,ANXA1,FPR1,-0.0234779,0.20214637498587584,2953
P17T2,cancer,Set_4,PPIA,BSG,0.15795037,5.9306766561796614e-18,2953
P17T2,cancer,Set_5,FN1,CD44,-0.26687163,2.476360682766835e-49,2953
P17T2,cancer,Set_6,FN1,ITGA3,-0.09983862,5.428476266793844e-08,2953
P17T2,cancer,Set_7,COL1A2,ITGA3,-0.10569747,8.53878855764654e-09,2953
P17T2,cancer,Set_8,APP,CD74,0.007029932,0.7025651239302929,2953
P17T2,cancer,Set_9,LAMC1,ITGA3,0.06283187,0.00063476153318094,2953
P17T2,cancer,Set_10,CD6,ALCAM,-0.021686822,0.23874306271330728,2953
P16B1,non-cancer,Set_1,MIF,CD74,0.09804539,4.0150665795380636e-08,3123
P16B1,non-cancer,Set_1,MIF,CXCR4,0.014966866,0.4030888286546633,3123
P16B1,non-cancer,Set_2,MIF,CD74,0.09804539,4.0150665795380636e-08,3123
P16B1,non-cancer,Set_2,MIF,CD44,0.006308778,0.7245226179968106,3123
P16B1,non-cancer,Set_3,ANXA1,FPR1,0.042219594,0.018299621231604616,3123
P16B1,non-cancer,Set_4,PPIA,BSG,0.06542887,0.000253328435418053,3123
P16B1,non-cancer,Set_5,FN1,CD44,0.08737348,1.0075291001087933e-06,3123
P16B1,non-cancer,Set_6,FN1,ITGA3,0.10819524,1.3465442511792062e-09,3123
P16B1,non-cancer,Set_7,COL1A2,ITGA3,0.029482145,0.09950194456653591,3123
P16B1,non-cancer,Set_8,APP,CD74,0.07411266,3.387153452505329e-05,3123
P16B1,non-cancer,Set_9,LAMC1,ITGA3,0.008430153,0.6376915610306032,3123
P16B1,non-cancer,Set_10,CD6,ALCAM,0.024708446,0.16744505073923308,3123
P19B2,non-cancer,Set_1,MIF,CD74,0.12653157,5.03457794010726e-09,2120
P19B2,non-cancer,Set_1,MIF,CXCR4,0.019362915,0.3728791214464666,2120
P19B2,non-cancer,Set_2,MIF,CD74,0.12653157,5.03457794010726e-09,2120
P19B2,non-cancer,Set_2,MIF,CD44,0.045221426,0.037343578300458556,2120
P19B2,non-cancer,Set_3,ANXA1,FPR1,0.055474278,0.01062828929588388,2120
P19B2,non-cancer,Set_4,PPIA,BSG,0.11310862,1.773794229123782e-07,2120
P19B2,non-cancer,Set_5,FN1,CD44,0.06847811,0.0016060104836353728,2120
P19B2,non-cancer,Set_6,FN1,ITGA3,0.03881385,0.07397900499842819,2120
P19B2,non-cancer,Set_7,COL1A2,ITGA3,-0.012060437,0.578896772669903,2120
P19B2,non-cancer,Set_8,APP,CD74,0.08528966,8.428393245000029e-05,2120
P19B2,non-cancer,Set_9,LAMC1,ITGA3,0.0056377053,0.795304709581761,2120
P19B2,non-cancer,Set_10,CD6,ALCAM,0.0028002542,0.8974703322471803,2120
P25T1,cancer,Set_1,MIF,CD74,0.18430485,1.8567227337674884e-11,1308
P25T1,cancer,Set_1,MIF,CXCR4,0.018998249,0.4923971939497981,1308
P25T1,cancer,Set_2,MIF,CD74,0.18430485,1.8567227337674884e-11,1308
P25T1,cancer,Set_2,MIF,CD44,0.13431227,1.0878875322382054e-06,1308
P25T1,cancer,Set_3,ANXA1,FPR1,0.009629782,0.7278788464783857,1308
P25T1,cancer,Set_4,PPIA,BSG,0.19605663,8.465895823059582e-13,1308
P25T1,cancer,Set_5,FN1,CD44,0.15560618,1.5421567257479598e-08,1308
P25T1,cancer,Set_6,FN1,ITGA3,0.11137276,5.4219475250965064e-05,1308
P25T1,cancer,Set_7,COL1A2,ITGA3,-0.12286679,8.339390357666275e-06,1308
P25T1,cancer,Set_8,APP,CD74,0.1679408,9.873494235234815e-10,1308
P25T1,cancer,Set_9,LAMC1,ITGA3,0.031533077,0.25444163282438326,1308
P25T1,cancer,Set_10,CD6,ALCAM,-0.01911975,0.48963319915117537,1308
P25B2,non-cancer,Set_1,MIF,CD74,0.085675344,6.669411651226667e-05,2161
P25B2,non-cancer,Set_1,MIF,CXCR4,0.04598592,0.03254751481972406,2161
P25B2,non-cancer,Set_2,MIF,CD74,0.085675344,6.669411651226667e-05,2161
P25B2,non-cancer,Set_2,MIF,CD44,0.06321026,0.0032856517232899853,2161
P25B2,non-cancer,Set_3,ANXA1,FPR1,0.008433282,0.6951953519622297,2161
P25B2,non-cancer,Set_4,PPIA,BSG,0.09859532,4.392353730905155e-06,2161
P25B2,non-cancer,Set_5,FN1,CD44,0.0028710198,0.8938874220289863,2161
P25B2,non-cancer,Set_6,FN1,ITGA3,0.05866443,0.006374299268058473,2161
P25B2,non-cancer,Set_7,COL1A2,ITGA3,-0.0065871216,0.7595751382023064,2161
P25B2,non-cancer,Set_8,APP,CD74,-0.005164835,0.8103627487067332,2161
P25B2,non-cancer,Set_9,LAMC1,ITGA3,0.05544164,0.009943655712145933,2161
P25B2,non-cancer,Set_10,CD6,ALCAM,-0.013378605,0.5342093440727924,2161
VISDS000181,cancer,Set_1,MIF,CD74,0.13304347,4.739442196054745e-06,1175
VISDS000181,cancer,Set_1,MIF,CXCR4,0.018189162,0.5333627417422766,1175
VISDS000181,cancer,Set_2,MIF,CD74,0.13304347,4.739442196054745e-06,1175
VISDS000181,cancer,Set_2,MIF,CD44,0.103990115,0.00035631180259762513,1175
VISDS000181,cancer,Set_3,ANXA1,FPR1,-0.008570823,0.7691509296185957,1175
VISDS000181,cancer,Set_4,PPIA,BSG,0.19282775,2.639160667985072e-11,1175
VISDS000181,cancer,Set_5,FN1,CD44,-0.039132994,0.18008376044123164,1175
VISDS000181,cancer,Set_6,FN1,ITGA3,-0.13788775,2.0933044631893425e-06,1175
VISDS000181,cancer,Set_7,COL1A2,ITGA3,-0.040377997,0.16661000841359871,1175
VISDS000181,cancer,Set_8,APP,CD74,0.08495211,0.0035662254472048583,1175
VISDS000181,cancer,Set_9,LAMC1,ITGA3,-0.011327604,0.6980975398215754,1175
VISDS000181,cancer,Set_10,CD6,ALCAM,0.07993932,0.006113072690096942,1175
P11T4,cancer,Set_1,MIF,CD74,0.15080217,1.1184941023929657e-10,1811
P11T4,cancer,Set_1,MIF,CXCR4,0.0035299286,0.8806732173460675,1811
P11T4,cancer,Set_2,MIF,CD74,0.15080217,1.1184941023929657e-10,1811
P11T4,cancer,Set_2,MIF,CD44,0.07073739,0.002595457674632265,1811
P11T4,cancer,Set_3,ANXA1,FPR1,0.04982663,0.03398350712349461,1811
P11T4,cancer,Set_4,PPIA,BSG,0.15845461,1.1901784856886626e-11,1811
P11T4,cancer,Set_5,FN1,CD44,0.016892135,0.47250204578742705,1811
P11T4,cancer,Set_6,FN1,ITGA3,-0.005811017,0.8048121930045963,1811
P11T4,cancer,Set_7,COL1A2,ITGA3,-0.07979479,0.000676795595582903,1811
P11T4,cancer,Set_8,APP,CD74,0.08599529,0.000248438621182536,1811
P11T4,cancer,Set_9,LAMC1,ITGA3,0.05294632,0.0242465243832554,1811
P11T4,cancer,Set_10,CD6,ALCAM,0.054304726,0.020827699248865014,1811
P10T2,cancer,Set_1,MIF,CD74,0.2095676,3.785055596406277e-21,1986
P10T2,cancer,Set_1,MIF,CXCR4,-0.0017368791,0.9383414727017417,1986
P10T2,cancer,Set_2,MIF,CD74,0.2095676,3.785055596406277e-21,1986
P10T2,cancer,Set_2,MIF,CD44,0.1669038,7.107106625976858e-14,1986
P10T2,cancer,Set_3,ANXA1,FPR1,-0.006841946,0.7605794852112556,1986
P10T2,cancer,Set_4,PPIA,BSG,0.20572981,2.0114895834524688e-20,1986
P10T2,cancer,Set_5,FN1,CD44,-0.07404691,0.0009588708525625981,1986
P10T2,cancer,Set_6,FN1,ITGA3,-0.11320932,4.2319710072895665e-07,1986
P10T2,cancer,Set_7,COL1A2,ITGA3,-0.15476277,4.079178776434253e-12,1986
P10T2,cancer,Set_8,APP,CD74,0.14190878,2.1212910510312568e-10,1986
P10T2,cancer,Set_9,LAMC1,ITGA3,0.045173086,0.044127381276610415,1986
P10T2,cancer,Set_10,CD6,ALCAM,-0.047214396,0.03538390630650143,1986
P15T1,cancer,Set_1,MIF,CD74,0.10659004,4.423043843595767e-08,2624
P15T1,cancer,Set_1,MIF,CXCR4,0.047553685,0.014844332862289594,2624
P15T1,cancer,Set_2,MIF,CD74,0.10659004,4.423043843595767e-08,2624
P15T1,cancer,Set_2,MIF,CD44,0.059330795,0.00236224882293749,2624
P15T1,cancer,Set_3,ANXA1,FPR1,0.008353565,0.6688587130126007,2624
P15T1,cancer,Set_4,PPIA,BSG,0.0905831,3.3603979898613663e-06,2624
P15T1,cancer,Set_5,FN1,CD44,0.08211038,2.540041274990854e-05,2624
P15T1,cancer,Set_6,FN1,ITGA3,-0.009000834,0.6449009760686051,2624
P15T1,cancer,Set_7,COL1A2,ITGA3,-0.042321414,0.030169914588719347,2624
P15T1,cancer,Set_8,APP,CD74,-0.015121099,0.4387809682607769,2624
P15T1,cancer,Set_9,LAMC1,ITGA3,-0.025035154,0.19983721211304575,2624
P15T1,cancer,Set_10,CD6,ALCAM,-0.061582707,0.0015991244889328555,2624
P10_T4,cancer,Set_1,MIF,CD74,0.16710274,5.5353872473729614e-17,2479
P10_T4,cancer,Set_1,MIF,CXCR4,0.0596956,0.0029454885063625916,2479
P10_T4,cancer,Set_2,MIF,CD74,0.16710274,5.5353872473729614e-17,2479
P10_T4,cancer,Set_2,MIF,CD44,0.15685041,4.0222172864720695e-15,2479
P10_T4,cancer,Set_3,ANXA1,FPR1,0.032113556,0.10992605874505565,2479
P10_T4,cancer,Set_4,PPIA,BSG,0.18802759,3.677693392547722e-21,2479
P10_T4,cancer,Set_5,FN1,CD44,-0.034820847,0.0830306749440759,2479
P10_T4,cancer,Set_6,FN1,ITGA3,-0.07923574,7.836924737378757e-05,2479
P10_T4,cancer,Set_7,COL1A2,ITGA3,-0.19845381,1.9547667885120738e-23,2479
P10_T4,cancer,Set_8,APP,CD74,0.09370457,2.961942671851664e-06,2479
P10_T4,cancer,Set_9,LAMC1,ITGA3,0.030020146,0.1351043649124428,2479
P10_T4,cancer,Set_10,CD6,ALCAM,-0.0026459945,0.8952400301385406,2479
D1_2,non-cancer,Set_1,MIF,CD74,0.21643567,6.832960620529439e-05,333
D1_2,non-cancer,Set_1,MIF,CXCR4,0.06852256,0.21233010812939537,333
D1_2,non-cancer,Set_2,MIF,CD74,0.21643567,6.832960620529439e-05,333
D1_2,non-cancer,Set_2,MIF,CD44,0.2015545,0.00021368771436006852,333
D1_2,non-cancer,Set_3,ANXA1,FPR1,0.08130328,0.13873484584897874,333
D1_2,non-cancer,Set_4,PPIA,BSG,-0.004745705,0.9312471479780716,333
D1_2,non-cancer,Set_5,FN1,CD44,0.07883553,0.15116208058059727,333
D1_2,non-cancer,Set_6,FN1,ITGA3,0.1423257,0.009303745137900162,333
D1_2,non-cancer,Set_7,COL1A2,ITGA3,-0.11344198,0.038544101310007406,333
D1_2,non-cancer,Set_8,APP,CD74,0.10809099,0.04874260436688758,333
D1_2,non-cancer,Set_9,LAMC1,ITGA3,0.03895037,0.47871322870304994,333
D1_2,non-cancer,Set_10,CD6,ALCAM,-0.06398319,0.24426736807863556,333
P16T1,cancer,Set_1,MIF,CD74,-0.025105376,0.2326532466256334,2262
P16T1,cancer,Set_1,MIF,CXCR4,0.031417068,0.1352399611164248,2262
P16T1,cancer,Set_2,MIF,CD74,-0.025105376,0.2326532466256334,2262
P16T1,cancer,Set_2,MIF,CD44,-0.013446121,0.5227061924314989,2262
P16T1,cancer,Set_3,ANXA1,FPR1,0.050308935,0.016715330878379783,2262
P16T1,cancer,Set_4,PPIA,BSG,0.13783006,4.6079253838730683e-11,2262
P16T1,cancer,Set_5,FN1,CD44,0.16928759,5.252135734417302e-16,2262
P16T1,cancer,Set_6,FN1,ITGA3,0.07703085,0.00024536546471842124,2262
P16T1,cancer,Set_7,COL1A2,ITGA3,-0.08592816,4.274909374551798e-05,2262
P16T1,cancer,Set_8,APP,CD74,0.010024317,0.6337112058547308,2262
P16T1,cancer,Set_9,LAMC1,ITGA3,0.028307026,0.1783600951413635,2262
P16T1,cancer,Set_10,CD6,ALCAM,-0.014394579,0.493804528803092,2262
D2_1,non-cancer,Set_1,MIF,CD74,0.13713935,3.107673138534519e-09,1852
D2_1,non-cancer,Set_1,MIF,CXCR4,0.08706522,0.0001758245763106896,1852
D2_1,non-cancer,Set_2,MIF,CD74,0.13713935,3.107673138534519e-09,1852
D2_1,non-cancer,Set_2,MIF,CD44,0.08636375,0.0001983589052440639,1852
D2_1,non-cancer,Set_3,ANXA1,FPR1,0.05170191,0.026083192376870543,1852
D2_1,non-cancer,Set_4,PPIA,BSG,0.14004858,1.4238918378384882e-09,1852
D2_1,non-cancer,Set_5,FN1,CD44,0.13204238,1.1731728771660385e-08,1852
D2_1,non-cancer,Set_6,FN1,ITGA3,0.057798274,0.012855709429618993,1852
D2_1,non-cancer,Set_7,COL1A2,ITGA3,-0.007099005,0.7601358979357901,1852
D2_1,non-cancer,Set_8,APP,CD74,0.07359691,0.0015275727877866127,1852
D2_1,non-cancer,Set_9,LAMC1,ITGA3,0.0055694603,0.8107015877152601,1852
D2_1,non-cancer,Set_10,CD6,ALCAM,0.018548202,0.4250160780963443,1852
P10T3,cancer,Set_1,MIF,CD74,0.15158615,6.939563900042991e-15,2610
P10T3,cancer,Set_1,MIF,CXCR4,0.046354372,0.01787012831443493,2610
P10T3,cancer,Set_2,MIF,CD74,0.15158615,6.939563900042991e-15,2610
P10T3,cancer,Set_2,MIF,CD44,0.15924631,2.746207065931553e-16,2610
P10T3,cancer,Set_3,ANXA1,FPR1,0.03436885,0.07917060883134935,2610
P10T3,cancer,Set_4,PPIA,BSG,0.17686725,8.758814671315784e-20,2610
P10T3,cancer,Set_5,FN1,CD44,-0.027439795,0.1610822477591635,2610
P10T3,cancer,Set_6,FN1,ITGA3,-0.07933912,4.954876269643494e-05,2610
P10T3,cancer,Set_7,COL1A2,ITGA3,-0.17619294,1.2112304592519548e-19,2610
P10T3,cancer,Set_8,APP,CD74,0.13610214,2.9020112276312474e-12,2610
P10T3,cancer,Set_9,LAMC1,ITGA3,0.045338422,0.02053981783306032,2610
P10T3,cancer,Set_10,CD6,ALCAM,-0.011772448,0.5477298066321612,2610
P19T2,cancer,Set_1,MIF,CD74,-0.13650212,2.5298612761171903e-11,2369
P19T2,cancer,Set_1,MIF,CXCR4,-0.05851458,0.004385941344544962,2369
P19T2,cancer,Set_2,MIF,CD74,-0.13650212,2.5298612761171903e-11,2369
P19T2,cancer,Set_2,MIF,CD44,0.105666146,2.539775752611685e-07,2369
P19T2,cancer,Set_3,ANXA1,FPR1,-0.045152217,0.027975731681961696,2369
P19T2,cancer,Set_4,PPIA,BSG,0.16688904,2.9342272955841346e-16,2369
P19T2,cancer,Set_5,FN1,CD44,-0.039022516,0.05755929670252017,2369
P19T2,cancer,Set_6,FN1,ITGA3,-0.020112328,0.32782853380501076,2369
P19T2,cancer,Set_7,COL1A2,ITGA3,-0.04081406,0.04700042082102139,2369
P19T2,cancer,Set_8,APP,CD74,-0.031302374,0.12772619080414627,2369
P19T2,cancer,Set_9,LAMC1,ITGA3,0.053458046,0.009256903735186731,2369
P19T2,cancer,Set_10,CD6,ALCAM,-0.024504442,0.23316758620637806,2369
P24B1,non-cancer,Set_1,MIF,CD74,0.082732394,2.5732368023359282e-05,2581
P24B1,non-cancer,Set_1,MIF,CXCR4,0.07020462,0.0003579085443528936,2581
P24B1,non-cancer,Set_2,MIF,CD74,0.082732394,2.5732368023359282e-05,2581
P24B1,non-cancer,Set_2,MIF,CD44,0.05013066,0.010859644971288721,2581
P24B1,non-cancer,Set_3,ANXA1,FPR1,0.04581105,0.01994089418779372,2581
P24B1,non-cancer,Set_4,PPIA,BSG,0.11790563,1.8772292753501045e-09,2581
P24B1,non-cancer,Set_5,FN1,CD44,0.066274345,0.0007542915330366619,2581
P24B1,non-cancer,Set_6,FN1,ITGA3,0.04299071,0.028959887371855328,2581
P24B1,non-cancer,Set_7,COL1A2,ITGA3,0.065618105,0.0008511168458058717,2581
P24B1,non-cancer,Set_8,APP,CD74,0.018987559,0.33491814625772853,2581
P24B1,non-cancer,Set_9,LAMC1,ITGA3,0.036757186,0.06188460532172311,2581
P24B1,non-cancer,Set_10,CD6,ALCAM,0.034224693,0.08213989285901518,2581
P11B2,non-cancer,Set_1,MIF,CD74,0.16769569,2.1345316871497228e-19,2846
P11B2,non-cancer,Set_1,MIF,CXCR4,0.062483832,0.0008524514433145874,2846
P11B2,non-cancer,Set_2,MIF,CD74,0.16769569,2.1345316871497228e-19,2846
P11B2,non-cancer,Set_2,MIF,CD44,0.0826261,1.0169310806129692e-05,2846
P11B2,non-cancer,Set_3,ANXA1,FPR1,0.06710608,0.0003404057300407632,2846
P11B2,non-cancer,Set_4,PPIA,BSG,0.14912328,1.278277834219865e-15,2846
P11B2,non-cancer,Set_5,FN1,CD44,0.16860814,1.355122480052255e-19,2846
P11B2,non-cancer,Set_6,FN1,ITGA3,0.027151227,0.14759132982633855,2846
P11B2,non-cancer,Set_7,COL1A2,ITGA3,-0.037047375,0.048130958525725194,2846
P11B2,non-cancer,Set_8,APP,CD74,0.13436267,6.133665783054255e-13,2846
P11B2,non-cancer,Set_9,LAMC1,ITGA3,0.029340662,0.11760344933613859,2846
P11B2,non-cancer,Set_10,CD6,ALCAM,-0.026671555,0.15488120775213915,2846
P24T1,cancer,Set_1,MIF,CD74,-0.00931833,0.5855927902489199,3426
P24T1,cancer,Set_1,MIF,CXCR4,-0.06312458,0.00021803367457014957,3426
P24T1,cancer,Set_2,MIF,CD74,-0.00931833,0.5855927902489199,3426
P24T1,cancer,Set_2,MIF,CD44,0.10205744,2.136303984926966e-09,3426
P24T1,cancer,Set_3,ANXA1,FPR1,0.007752355,0.6501150162716582,3426
P24T1,cancer,Set_4,PPIA,BSG,0.22338681,5.284105249536366e-40,3426
P24T1,cancer,Set_5,FN1,CD44,0.113723904,2.4600395669197542e-11,3426
P24T1,cancer,Set_6,FN1,ITGA3,-0.14609653,8.373198874031397e-18,3426
P24T1,cancer,Set_7,COL1A2,ITGA3,-0.21486892,4.521183181366577e-37,3426
P24T1,cancer,Set_8,APP,CD74,0.03558258,0.03728582778356954,3426
P24T1,cancer,Set_9,LAMC1,ITGA3,0.052646123,0.002052709257115182,3426
P24T1,cancer,Set_10,CD6,ALCAM,-0.0025644153,0.8807283708405639,3426
VISDS000276,cancer,Set_1,MIF,CD74,0.03899309,0.42765270385560455,416
VISDS000276,cancer,Set_1,MIF,CXCR4,0.15451694,0.0015719531933091819,416
VISDS000276,cancer,Set_2,MIF,CD74,0.03899309,0.42765270385560455,416
VISDS000276,cancer,Set_2,MIF,CD44,-0.07071781,0.1499157524763797,416
VISDS000276,cancer,Set_3,ANXA1,FPR1,,,416
VISDS000276,cancer,Set_4,PPIA,BSG,0.0069053485,0.8883282263751432,416
VISDS000276,cancer,Set_5,FN1,CD44,0.01620264,0.7417796367597771,416
VISDS000276,cancer,Set_6,FN1,ITGA3,-0.03366657,0.4934739396414191,416
VISDS000276,cancer,Set_7,COL1A2,ITGA3,-0.0075785043,0.8775238899288166,416
VISDS000276,cancer,Set_8,APP,CD74,-0.092383906,0.05975087193731431,416
VISDS000276,cancer,Set_9,LAMC1,ITGA3,-0.025381973,0.6057020514184418,416
VISDS000276,cancer,Set_10,CD6,ALCAM,,,416
VISDS000182,cancer,Set_1,MIF,CD74,0.13310564,1.582313050085125e-05,1045
VISDS000182,cancer,Set_1,MIF,CXCR4,0.076001585,0.013991687104575231,1045
VISDS000182,cancer,Set_2,MIF,CD74,0.13310564,1.582313050085125e-05,1045
VISDS000182,cancer,Set_2,MIF,CD44,0.07924503,0.010386882657054288,1045
VISDS000182,cancer,Set_3,ANXA1,FPR1,0.11340636,0.00023925508822819974,1045
VISDS000182,cancer,Set_4,PPIA,BSG,0.109007925,0.0004153284967944831,1045
VISDS000182,cancer,Set_5,FN1,CD44,0.19576102,1.7417638013969358e-10,1045
VISDS000182,cancer,Set_6,FN1,ITGA3,0.13699234,8.824218358068586e-06,1045
VISDS000182,cancer,Set_7,COL1A2,ITGA3,0.113648824,0.00023195631669497047,1045
VISDS000182,cancer,Set_8,APP,CD74,-0.0067802444,0.8267112048696982,1045
VISDS000182,cancer,Set_9,LAMC1,ITGA3,0.09366356,0.0024386442279643672,1045
VISDS000182,cancer,Set_10,CD6,ALCAM,-0.010352009,0.7381892227028748,1045
P11B1,non-cancer,Set_1,MIF,CD74,0.17157869,2.0169568936579475e-20,2873
P11B1,non-cancer,Set_1,MIF,CXCR4,0.08483077,5.283823148576415e-06,2873
P11B1,non-cancer,Set_2,MIF,CD74,0.17157869,2.0169568936579475e-20,2873
P11B1,non-cancer,Set_2,MIF,CD44,0.14677355,2.6462663067607137e-15,2873
P11B1,non-cancer,Set_3,ANXA1,FPR1,0.038443748,0.03935418792885655,2873
P11B1,non-cancer,Set_4,PPIA,BSG,0.13459426,4.351684839069183e-13,2873
P11B1,non-cancer,Set_5,FN1,CD44,0.168407,1.0113137157040324e-19,2873
P11B1,non-cancer,Set_6,FN1,ITGA3,0.010417776,0.5767290983383716,2873
P11B1,non-cancer,Set_7,COL1A2,ITGA3,-0.031621046,0.09015397592378138,2873
P11B1,non-cancer,Set_8,APP,CD74,0.09094622,1.0461578778539458e-06,2873
P11B1,non-cancer,Set_9,LAMC1,ITGA3,0.04576891,0.01414937118388293,2873
P11B1,non-cancer,Set_10,CD6,ALCAM,0.042016894,0.024313701201609958,2873
D1_1,non-cancer,Set_1,MIF,CD74,0.27125466,4.460989178379011e-06,278
D1_1,non-cancer,Set_1,MIF,CXCR4,0.13429245,0.02514511180129558,278
D1_1,non-cancer,Set_2,MIF,CD74,0.27125466,4.460989178379011e-06,278
D1_1,non-cancer,Set_2,MIF,CD44,0.044350997,0.46142069354177107,278
D1_1,non-cancer,Set_3,ANXA1,FPR1,-0.06507694,0.27956054168442646,278
D1_1,non-cancer,Set_4,PPIA,BSG,0.13936108,0.020098798567652513,278
D1_1,non-cancer,Set_5,FN1,CD44,0.08581431,0.1535806853736981,278
D1_1,non-cancer,Set_6,FN1,ITGA3,0.11897519,0.04749946776467026,278
D1_1,non-cancer,Set_7,COL1A2,ITGA3,-0.012360789,0.8374355852429959,278
D1_1,non-cancer,Set_8,APP,CD74,-0.004427675,0.941414748253107,278
D1_1,non-cancer,Set_9,LAMC1,ITGA3,0.106490284,0.07629644862349967,278
D1_1,non-cancer,Set_10,CD6,ALCAM,-0.008451598,0.8884357085498928,278
P16B2,non-cancer,Set_1,MIF,CD74,0.09355045,5.785327009810679e-08,3351
P16B2,non-cancer,Set_1,MIF,CXCR4,0.028621703,0.09760658465057122,3351
P16B2,non-cancer,Set_2,MIF,CD74,0.09355045,5.785327009810679e-08,3351
P16B2,non-cancer,Set_2,MIF,CD44,0.0076117143,0.6595985058543824,3351
P16B2,non-cancer,Set_3,ANXA1,FPR1,0.050133146,0.0036979399990582237,3351
P16B2,non-cancer,Set_4,PPIA,BSG,0.042800397,0.013218307025656887,3351
P16B2,non-cancer,Set_5,FN1,CD44,0.054445654,0.001616554385669252,3351
P16B2,non-cancer,Set_6,FN1,ITGA3,0.08085531,2.7796300756433173e-06,3351
P16B2,non-cancer,Set_7,COL1A2,ITGA3,0.01863337,0.280883675212319,3351
P16B2,non-cancer,Set_8,APP,CD74,0.07226482,2.82457468112237e-05,3351
P16B2,non-cancer,Set_9,LAMC1,ITGA3,-0.010647705,0.5377889570657518,3351
P16B2,non-cancer,Set_10,CD6,ALCAM,-0.0003716359,0.9828426817539754,3351
P19T1,cancer,Set_1,MIF,CD74,-0.0721014,0.0002984740641159768,2512
P19T1,cancer,Set_1,MIF,CXCR4,-0.09858008,7.405277089804827e-07,2512
P19T1,cancer,Set_2,MIF,CD74,-0.0721014,0.0002984740641159768,2512
P19T1,cancer,Set_2,MIF,CD44,0.13322055,2.0338625160204757e-11,2512
P19T1,cancer,Set_3,ANXA1,FPR1,-0.019254077,0.3347348337860362,2512
P19T1,cancer,Set_4,PPIA,BSG,0.19553196,4.5648640594724115e-23,2512
P19T1,cancer,Set_5,FN1,CD44,-0.04302927,0.03104103460108671,2512
P19T1,cancer,Set_6,FN1,ITGA3,-0.058679484,0.0032601704022283797,2512
P19T1,cancer,Set_7,COL1A2,ITGA3,-0.089450136,7.122338133968921e-06,2512
P19T1,cancer,Set_8,APP,CD74,-0.015878143,0.42634347939793876,2512
P19T1,cancer,Set_9,LAMC1,ITGA3,-0.0061119525,0.7594671643497553,2512
P19T1,cancer,Set_10,CD6,ALCAM,-0.033345506,0.09474049097311306,2512
P15B2,non-cancer,Set_1,MIF,CD74,-0.0046766754,0.8038125240865261,2824
P15B2,non-cancer,Set_1,MIF,CXCR4,0.0017011417,0.9280003789502133,2824
P15B2,non-cancer,Set_2,MIF,CD74,-0.0046766754,0.8038125240865261,2824
P15B2,non-cancer,Set_2,MIF,CD44,0.043567795,0.020595178320942962,2824
P15B2,non-cancer,Set_3,ANXA1,FPR1,0.04130298,0.028173663577954384,2824
P15B2,non-cancer,Set_4,PPIA,BSG,0.11963085,1.800710228276768e-10,2824
P15B2,non-cancer,Set_5,FN1,CD44,0.111100405,3.2244609143983786e-09,2824
P15B2,non-cancer,Set_6,FN1,ITGA3,0.10374444,3.2837826368286647e-08,2824
P15B2,non-cancer,Set_7,COL1A2,ITGA3,-0.04510206,0.01653255630762852,2824
P15B2,non-cancer,Set_8,APP,CD74,0.03162443,0.09291060211876677,2824
P15B2,non-cancer,Set_9,LAMC1,ITGA3,0.039630197,0.03521339588763946,2824
P15B2,non-cancer,Set_10,CD6,ALCAM,-0.0035539092,0.8502680570445375,2824
P17B1,non-cancer,Set_1,MIF,CD74,0.10589068,3.4830356059778263e-05,1522
P17B1,non-cancer,Set_1,MIF,CXCR4,0.12310273,1.4575423046192573e-06,1522
P17B1,non-cancer,Set_2,MIF,CD74,0.10589068,3.4830356059778263e-05,1522
P17B1,non-cancer,Set_2,MIF,CD44,0.07106751,0.005541020982206736,1522
P17B1,non-cancer,Set_3,ANXA1,FPR1,0.08121464,0.0015189004173451993,1522
P17B1,non-cancer,Set_4,PPIA,BSG,0.12493248,1.012826001406181e-06,1522
P17B1,non-cancer,Set_5,FN1,CD44,0.10232545,6.355012148883214e-05,1522
P17B1,non-cancer,Set_6,FN1,ITGA3,0.060253516,0.018729865619100068,1522
P17B1,non-cancer,Set_7,COL1A2,ITGA3,0.04641537,0.07025201538346414,1522
P17B1,non-cancer,Set_8,APP,CD74,0.051362485,0.04512671375547426,1522
P17B1,non-cancer,Set_9,LAMC1,ITGA3,0.029412378,0.2514787227165077,1522
P17B1,non-cancer,Set_10,CD6,ALCAM,0.019117592,0.45609855504197,1522
P16T2,cancer,Set_1,MIF,CD74,0.046870902,0.027566896683736734,2210
P16T2,cancer,Set_1,MIF,CXCR4,0.032525115,0.12637214301355648,2210
P16T2,cancer,Set_2,MIF,CD74,0.046870902,0.027566896683736734,2210
P16T2,cancer,Set_2,MIF,CD44,0.023255823,0.2744814804540584,2210
P16T2,cancer,Set_3,ANXA1,FPR1,0.032358598,0.12832612715224154,2210
P16T2,cancer,Set_4,PPIA,BSG,0.112125084,1.2586865178418062e-07,2210
P16T2,cancer,Set_5,FN1,CD44,0.20775273,5.676798634025833e-23,2210
P16T2,cancer,Set_6,FN1,ITGA3,-0.016885905,0.4275304891324177,2210
P16T2,cancer,Set_7,COL1A2,ITGA3,-0.09797397,3.943886437807682e-06,2210
P16T2,cancer,Set_8,APP,CD74,0.05762046,0.006738609277007057,2210
P16T2,cancer,Set_9,LAMC1,ITGA3,0.047418743,0.02580205546815469,2210
P16T2,cancer,Set_10,CD6,ALCAM,-0.0048304684,0.8204577628216527,2210
P11T3,cancer,Set_1,MIF,CD74,0.17179309,5.837745899691521e-13,1735
P11T3,cancer,Set_1,MIF,CXCR4,-0.04624196,0.05413263135891943,1735
P11T3,cancer,Set_2,MIF,CD74,0.17179309,5.837745899691521e-13,1735
P11T3,cancer,Set_2,MIF,CD44,0.029029068,0.2268393858414159,1735
P11T3,cancer,Set_3,ANXA1,FPR1,0.03054097,0.2035462496902253,1735
P11T3,cancer,Set_4,PPIA,BSG,0.14946225,3.94254033203391e-10,1735
P11T3,cancer,Set_5,FN1,CD44,-0.009352087,0.6970739514104194,1735
P11T3,cancer,Set_6,FN1,ITGA3,-0.05307921,0.027043378592893,1735
P11T3,cancer,Set_7,COL1A2,ITGA3,-0.11630766,1.1881480876701976e-06,1735
P11T3,cancer,Set_8,APP,CD74,0.037742168,0.11606332540170478,1735
P11T3,cancer,Set_9,LAMC1,ITGA3,-0.014610622,0.5430714557856838,1735
P11T3,cancer,Set_10,CD6,ALCAM,0.0051735183,0.829501928733645,1735
P24B2,non-cancer,Set_1,MIF,CD74,0.095105454,1.6470289573401525e-07,3019
P24B2,non-cancer,Set_1,MIF,CXCR4,0.050134204,0.005864961287005872,3019
P24B2,non-cancer,Set_2,MIF,CD74,0.095105454,1.6470289573401525e-07,3019
P24B2,non-cancer,Set_2,MIF,CD44,0.124518454,6.620259162665476e-12,3019
P24B2,non-cancer,Set_3,ANXA1,FPR1,0.078776956,1.4683972441141298e-05,3019
P24B2,non-cancer,Set_4,PPIA,BSG,0.1446076,1.4139631483465586e-15,3019
P24B2,non-cancer,Set_5,FN1,CD44,0.06686014,0.00023668615300434393,3019
P24B2,non-cancer,Set_6,FN1,ITGA3,0.07859829,1.5356071693990798e-05,3019
P24B2,non-cancer,Set_7,COL1A2,ITGA3,0.07591902,2.970677724642471e-05,3019
P24B2,non-cancer,Set_8,APP,CD74,0.013990787,0.4422204649970145,3019
P24B2,non-cancer,Set_9,LAMC1,ITGA3,0.027086936,0.1367614615803236,3019
P24B2,non-cancer,Set_10,CD6,ALCAM,-0.005074367,0.7804753763888728,3019
P15T2,cancer,Set_1,MIF,CD74,0.06592631,0.00022295953416976994,3131
P15T2,cancer,Set_1,MIF,CXCR4,0.047555782,0.00778064809704559,3131
P15T2,cancer,Set_2,MIF,CD74,0.06592631,0.00022295953416976994,3131
P15T2,cancer,Set_2,MIF,CD44,0.009114871,0.6101687292275322,3131
P15T2,cancer,Set_3,ANXA1,FPR1,-0.014437981,0.4193199530490094,3131
P15T2,cancer,Set_4,PPIA,BSG,0.11278705,2.472027455868144e-10,3131
P15T2,cancer,Set_5,FN1,CD44,0.05681331,0.0014711885483257511,3131
P15T2,cancer,Set_6,FN1,ITGA3,-0.007143677,0.6894715127806719,3131
P15T2,cancer,Set_7,COL1A2,ITGA3,-0.027531317,0.12351137947915737,3131
P15T2,cancer,Set_8,APP,CD74,0.021790223,0.22286803570469116,3131
P15T2,cancer,Set_9,LAMC1,ITGA3,-0.024009166,0.17924018059859778,3131
P15T2,cancer,Set_10,CD6,ALCAM,-0.045725174,0.010500866470352942,3131
P19B1,non-cancer,Set_1,MIF,CD74,0.12800682,1.729917481800379e-09,2197
P19B1,non-cancer,Set_1,MIF,CXCR4,0.09885079,3.4490823087410707e-06,2197
P19B1,non-cancer,Set_2,MIF,CD74,0.12800682,1.729917481800379e-09,2197
P19B1,non-cancer,Set_2,MIF,CD44,0.0829218,9.9743358121165e-05,2197
P19B1,non-cancer,Set_3,ANXA1,FPR1,0.04125477,0.0531841027017703,2197
P19B1,non-cancer,Set_4,PPIA,BSG,0.11438577,7.61117990732202e-08,2197
P19B1,non-cancer,Set_5,FN1,CD44,0.07329719,0.0005854475173950507,2197
P19B1,non-cancer,Set_6,FN1,ITGA3,0.08682145,4.603612143053168e-05,2197
P19B1,non-cancer,Set_7,COL1A2,ITGA3,0.04788405,0.024804146881248632,2197
P19B1,non-cancer,Set_8,APP,CD74,0.076886445,0.0003096101638795151,2197
P19B1,non-cancer,Set_9,LAMC1,ITGA3,0.10843372,3.4936971871915114e-07,2197
P19B1,non-cancer,Set_10,CD6,ALCAM,-0.015538177,0.466651846852781,2197
P10B1,non-cancer,Set_1,MIF,CD74,0.057281747,0.016397350249844216,1755
P10B1,non-cancer,Set_1,MIF,CXCR4,0.052444253,0.028021946355551906,1755
P10B1,non-cancer,Set_2,MIF,CD74,0.057281747,0.016397350249844216,1755
P10B1,non-cancer,Set_2,MIF,CD44,0.04108517,0.08531078133127241,1755
P10B1,non-cancer,Set_3,ANXA1,FPR1,0.025744196,0.28107631855728965,1755
P10B1,non-cancer,Set_4,PPIA,BSG,0.081555545,0.0006265628912581551,1755
P10B1,non-cancer,Set_5,FN1,CD44,0.032907892,0.168205732940134,1755
P10B1,non-cancer,Set_6,FN1,ITGA3,0.02063479,0.38762986501844693,1755
P10B1,non-cancer,Set_7,COL1A2,ITGA3,0.0070194956,0.7688649861462075,1755
P10B1,non-cancer,Set_8,APP,CD74,0.05071341,0.03363872062394466,1755
P10B1,non-cancer,Set_9,LAMC1,ITGA3,0.03293848,0.16781040062612074,1755
P10B1,non-cancer,Set_10,CD6,ALCAM,0.012171337,0.6103695534173885,1755
P17B2,non-cancer,Set_1,MIF,CD74,0.15179664,4.607332371237373e-07,1093
P17B2,non-cancer,Set_1,MIF,CXCR4,0.09145872,0.0024735293074363202,1093
P17B2,non-cancer,Set_2,MIF,CD74,0.15179664,4.607332371237373e-07,1093
P17B2,non-cancer,Set_2,MIF,CD44,0.09905636,0.00104109806304065,1093
P17B2,non-cancer,Set_3,ANXA1,FPR1,0.051812116,0.08687324803341218,1093
P17B2,non-cancer,Set_4,PPIA,BSG,0.109690055,0.00027989289338834557,1093
P17B2,non-cancer,Set_5,FN1,CD44,0.14474851,1.545060679589937e-06,1093
P17B2,non-cancer,Set_6,FN1,ITGA3,0.073912,0.014520633098075945,1093
P17B2,non-cancer,Set_7,COL1A2,ITGA3,0.03660858,0.2265398088608652,1093
P17B2,non-cancer,Set_8,APP,CD74,0.082095236,0.006615719767432486,1093
P17B2,non-cancer,Set_9,LAMC1,ITGA3,0.04021045,0.18404742632968837,1093
P17B2,non-cancer,Set_10,CD6,ALCAM,0.0005314257,0.9859985436249924,1093
P25T2,cancer,Set_1,MIF,CD74,0.13996375,8.041578883785433e-08,1458
P25T2,cancer,Set_1,MIF,CXCR4,0.04295989,0.10106328758831339,1458
P25T2,cancer,Set_2,MIF,CD74,0.13996375,8.041578883785433e-08,1458
P25T2,cancer,Set_2,MIF,CD44,0.11875955,5.444258881549605e-06,1458
P25T2,cancer,Set_3,ANXA1,FPR1,0.0034698471,0.8946848441835821,1458
P25T2,cancer,Set_4,PPIA,BSG,0.22036584,1.7091713362430132e-17,1458
P25T2,cancer,Set_5,FN1,CD44,0.1430247,4.140367017927561e-08,1458
P25T2,cancer,Set_6,FN1,ITGA3,0.11900336,5.206288109027071e-06,1458
P25T2,cancer,Set_7,COL1A2,ITGA3,-0.1351892,2.202166435359423e-07,1458
P25T2,cancer,Set_8,APP,CD74,0.20064475,1.0456774924411555e-14,1458
P25T2,cancer,Set_9,LAMC1,ITGA3,0.062016167,0.01787199095634098,1458
P25T2,cancer,Set_10,CD6,ALCAM,-0.030792793,0.23997270726378536,1458
D2_2,non-cancer,Set_1,MIF,CD74,0.028940039,0.1536513507307437,2432
D2_2,non-cancer,Set_1,MIF,CXCR4,0.027347676,0.17758827861034496,2432
D2_2,non-cancer,Set_2,MIF,CD74,0.028940039,0.1536513507307437,2432
D2_2,non-cancer,Set_2,MIF,CD44,0.011817306,0.5602333899605364,2432
D2_2,non-cancer,Set_3,ANXA1,FPR1,0.02110286,0.29821217116335247,2432
D2_2,non-cancer,Set_4,PPIA,BSG,0.03363965,0.09720319785045548,2432
D2_2,non-cancer,Set_5,FN1,CD44,0.11950366,3.38953325720606e-09,2432
D2_2,non-cancer,Set_6,FN1,ITGA3,0.083373055,3.8446421715537224e-05,2432
D2_2,non-cancer,Set_7,COL1A2,ITGA3,-0.077429846,0.00013223783632559182,2432
D2_2,non-cancer,Set_8,APP,CD74,0.06226078,0.0021276390695513557,2432
D2_2,non-cancer,Set_9,LAMC1,ITGA3,0.011714184,0.5636615448225589,2432
D2_2,non-cancer,Set_10,CD6,ALCAM,0.015862793,0.43425830136715277,2432
P17T1,cancer,Set_1,MIF,CD74,-0.38210273,3.810851429744912e-93,2658
P17T1,cancer,Set_1,MIF,CXCR4,-0.26676157,1.5346350984673177e-44,2658
P17T1,cancer,Set_2,MIF,CD74,-0.38210273,3.810851429744912e-93,2658
P17T1,cancer,Set_2,MIF,CD44,0.27182716,3.029439780337308e-46,2658
P17T1,cancer,Set_3,ANXA1,FPR1,-0.060308434,0.0018669613164432257,2658
P17T1,cancer,Set_4,PPIA,BSG,0.19792324,6.947470175032901e-25,2658
P17T1,cancer,Set_5,FN1,CD44,-0.28337598,2.8607924559019093e-50,2658
P17T1,cancer,Set_6,FN1,ITGA3,-0.088595524,4.774463218582542e-06,2658
P17T1,cancer,Set_7,COL1A2,ITGA3,-0.1240534,1.385616710412926e-10,2658
P17T1,cancer,Set_8,APP,CD74,-0.0059875036,0.7576653285050675,2658
P17T1,cancer,Set_9,LAMC1,ITGA3,0.08710094,6.892085242745609e-06,2658
P17T1,cancer,Set_10,CD6,ALCAM,-0.06266044,0.0012285581327538264,2658
P25B1,non-cancer,Set_1,MIF,CD74,0.11433004,3.7445873866504846e-07,1965
P25B1,non-cancer,Set_1,MIF,CXCR4,0.035017822,0.12071741181447512,1965
P25B1,non-cancer,Set_2,MIF,CD74,0.11433004,3.7445873866504846e-07,1965
P25B1,non-cancer,Set_2,MIF,CD44,0.09578115,2.110232140344171e-05,1965
P25B1,non-cancer,Set_3,ANXA1,FPR1,0.021011587,0.35189574181616795,1965
P25B1,non-cancer,Set_4,PPIA,BSG,0.09033395,6.0717477902475157e-05,1965
P25B1,non-cancer,Set_5,FN1,CD44,0.0008871043,0.9686521398753953,1965
P25B1,non-cancer,Set_6,FN1,ITGA3,0.07803065,0.0005360848639633947,1965
P25B1,non-cancer,Set_7,COL1A2,ITGA3,-0.0015631849,0.9447911730262497,1965
P25B1,non-cancer,Set_8,APP,CD74,0.050409123,0.025446870723311636,1965
P25B1,non-cancer,Set_9,LAMC1,ITGA3,0.038361125,0.08912567648638361,1965
P25B1,non-cancer,Set_10,CD6,ALCAM,0.016453728,0.4660314129586803,1965
P11_T1,cancer,Set_1,MIF,CD74,0.15932679,9.482114547076394e-08,1110
P11_T1,cancer,Set_1,MIF,CXCR4,-0.115152895,0.00012056008986676434,1110
P11_T1,cancer,Set_2,MIF,CD74,0.15932679,9.482114547076394e-08,1110
P11_T1,cancer,Set_2,MIF,CD44,0.08963029,0.0028004337665163926,1110
P11_T1,cancer,Set_3,ANXA1,FPR1,0.03285185,0.2741410100567726,1110
P11_T1,cancer,Set_4,PPIA,BSG,0.23771724,1.0041617044596693e-15,1110
P11_T1,cancer,Set_5,FN1,CD44,-0.004374057,0.8842644169632756,1110
P11_T1,cancer,Set_6,FN1,ITGA3,0.020636518,0.49218458599929393,1110
P11_T1,cancer,Set_7,COL1A2,ITGA3,-0.10722138,0.00034550016000849066,1110
P11_T1,cancer,Set_8,APP,CD74,0.12817457,1.84211295069253e-05,1110
P11_T1,cancer,Set_9,LAMC1,ITGA3,0.077179104,0.010102808099753089,1110
P11_T1,cancer,Set_10,CD6,ALCAM,-0.029047852,0.3335984685758459,1110
P10B2,non-cancer,Set_1,MIF,CD74,0.139505,1.8244925326624037e-09,1842
P10B2,non-cancer,Set_1,MIF,CXCR4,0.057551064,0.013497041223245599,1842
P10B2,non-cancer,Set_2,MIF,CD74,0.139505,1.8244925326624037e-09,1842
P10B2,non-cancer,Set_2,MIF,CD44,0.10410054,7.570729432389197e-06,1842
P10B2,non-cancer,Set_3,ANXA1,FPR1,0.06427339,0.005788987272150211,1842
P10B2,non-cancer,Set_4,PPIA,BSG,0.059480943,0.010668841499215672,1842
P10B2,non-cancer,Set_5,FN1,CD44,0.10408932,7.58794708117922e-06,1842
P10B2,non-cancer,Set_6,FN1,ITGA3,0.06760554,0.0036974580003076756,1842
P10B2,non-cancer,Set_7,COL1A2,ITGA3,0.038336117,0.10000747014845433,1842
P10B2,non-cancer,Set_8,APP,CD74,0.056356236,0.015562924950743438,1842
P10B2,non-cancer,Set_9,LAMC1,ITGA3,0.08126656,0.00048076773356328217,1842
P10B2,non-cancer,Set_10,CD6,ALCAM,-0.012515834,0.5913936575477776,1842
